<metadata xml:lang="en">
	<Esri>
		<CreaDate>20221110</CreaDate>
		<CreaTime>04170100</CreaTime>
		<ArcGISFormat>1.0</ArcGISFormat>
		<SyncOnce>FALSE</SyncOnce>
		<DataProperties>
			<lineage>
				<Process ToolSource="c:\program files (x86)\arcgis\desktop10.7\ArcToolbox\Toolboxes\Data Management Tools.tbx\CreateFeatureclass" Date="20221110" Time="041701">CreateFeatureclass \\rafsshare.mc.local\gis\devel\Projects\Transit\RouteGeography\RouteGeography.gdb TransitPatternsOrigin POLYLINE # DISABLED DISABLED "PROJCS['NAD_1983_UTM_Zone_15N',GEOGCS['GCS_North_American_1983',DATUM['D_North_American_1983',SPHEROID['GRS_1980',6378137.0,298.257222101]],PRIMEM['Greenwich',0.0],UNIT['Degree',0.0174532925199433]],PROJECTION['Transverse_Mercator'],PARAMETER['False_Easting',500000.0],PARAMETER['False_Northing',0.0],PARAMETER['Central_Meridian',-93.0],PARAMETER['Scale_Factor',0.9996],PARAMETER['Latitude_Of_Origin',0.0],UNIT['Meter',1.0]];-5120900 -9998100 10000;-100000 10000;-100000 10000;0.001;0.001;0.001;IsHighPrecision" # 0 0 0</Process>
				<Process ToolSource="c:\program files (x86)\arcgis\desktop10.7\ArcToolbox\Toolboxes\Data Management Tools.tbx\AddField" Date="20221110" Time="041703">AddField \\rafsshare.mc.local\gis\devel\Projects\Transit\RouteGeography\RouteGeography.gdb\TransitPatternsOrigin UID TEXT # # 25 Key NULLABLE NON_REQUIRED #</Process>
				<Process ToolSource="c:\program files (x86)\arcgis\desktop10.7\ArcToolbox\Toolboxes\Data Management Tools.tbx\AddField" Date="20221110" Time="041704">AddField \\rafsshare.mc.local\gis\devel\Projects\Transit\RouteGeography\RouteGeography.gdb\TransitPatternsOrigin routenum LONG # # # "Route Number" NULLABLE NON_REQUIRED #</Process>
				<Process ToolSource="c:\program files (x86)\arcgis\desktop10.7\ArcToolbox\Toolboxes\Data Management Tools.tbx\AddField" Date="20221110" Time="041706">AddField \\rafsshare.mc.local\gis\devel\Projects\Transit\RouteGeography\RouteGeography.gdb\TransitPatternsOrigin line_id TEXT # # 5 Route NULLABLE NON_REQUIRED #</Process>
				<Process ToolSource="c:\program files (x86)\arcgis\desktop10.7\ArcToolbox\Toolboxes\Data Management Tools.tbx\AddField" Date="20221110" Time="041708">AddField \\rafsshare.mc.local\gis\devel\Projects\Transit\RouteGeography\RouteGeography.gdb\TransitPatternsOrigin pat_id TEXT # # 15 Pattern NULLABLE NON_REQUIRED #</Process>
				<Process ToolSource="c:\program files (x86)\arcgis\desktop10.7\ArcToolbox\Toolboxes\Data Management Tools.tbx\AddField" Date="20221110" Time="041710">AddField \\rafsshare.mc.local\gis\devel\Projects\Transit\RouteGeography\RouteGeography.gdb\TransitPatternsOrigin UNIQUE_ID TEXT # # 36 "Unique ID" NULLABLE NON_REQUIRED #</Process>
				<Process ToolSource="c:\program files (x86)\arcgis\desktop10.7\ArcToolbox\Toolboxes\Data Management Tools.tbx\AddField" Date="20221110" Time="041712">AddField \\rafsshare.mc.local\gis\devel\Projects\Transit\RouteGeography\RouteGeography.gdb\TransitPatternsOrigin start_siteID LONG # # # "Start Site ID" NULLABLE NON_REQUIRED #</Process>
				<Process ToolSource="c:\program files (x86)\arcgis\desktop10.7\ArcToolbox\Toolboxes\Data Management Tools.tbx\AddField" Date="20221110" Time="041714">AddField \\rafsshare.mc.local\gis\devel\Projects\Transit\RouteGeography\RouteGeography.gdb\TransitPatternsOrigin end_siteID LONG # # # "End Site ID" NULLABLE NON_REQUIRED #</Process>
				<Process ToolSource="c:\program files (x86)\arcgis\desktop10.7\ArcToolbox\Toolboxes\Data Management Tools.tbx\AddField" Date="20221110" Time="041716">AddField \\rafsshare.mc.local\gis\devel\Projects\Transit\RouteGeography\RouteGeography.gdb\TransitPatternsOrigin start_trip_stop_sequence LONG # # # "Start Trip Stop Sequence" NULLABLE NON_REQUIRED #</Process>
				<Process ToolSource="c:\program files (x86)\arcgis\desktop10.7\ArcToolbox\Toolboxes\Data Management Tools.tbx\AddField" Date="20221110" Time="041718">AddField \\rafsshare.mc.local\gis\devel\Projects\Transit\RouteGeography\RouteGeography.gdb\TransitPatternsOrigin end_trip_stop_sequence LONG # # # "End Trip Stop Sequence" NULLABLE NON_REQUIRED #</Process>
				<Process ToolSource="c:\program files (x86)\arcgis\desktop10.7\ArcToolbox\Toolboxes\Data Management Tools.tbx\AddField" Date="20221110" Time="041720">AddField \\rafsshare.mc.local\gis\devel\Projects\Transit\RouteGeography\RouteGeography.gdb\TransitPatternsOrigin non_public_flag TEXT # # 1 "Non-Public Segment Flag" NULLABLE NON_REQUIRED #</Process>
				<Process ToolSource="c:\program files (x86)\arcgis\desktop10.7\ArcToolbox\Toolboxes\Data Management Tools.tbx\AddField" Date="20221110" Time="041722">AddField \\rafsshare.mc.local\gis\devel\Projects\Transit\RouteGeography\RouteGeography.gdb\TransitPatternsOrigin start_node_id TEXT # # 4 "Start Node ID" NULLABLE NON_REQUIRED #</Process>
				<Process ToolSource="c:\program files (x86)\arcgis\desktop10.7\ArcToolbox\Toolboxes\Data Management Tools.tbx\AddField" Date="20221110" Time="041724">AddField \\rafsshare.mc.local\gis\devel\Projects\Transit\RouteGeography\RouteGeography.gdb\TransitPatternsOrigin end_node_id TEXT # # 4 "End Node ID" NULLABLE NON_REQUIRED #</Process>
				<Process ToolSource="c:\program files (x86)\arcgis\desktop10.7\ArcToolbox\Toolboxes\Data Management Tools.tbx\AddField" Date="20221110" Time="041726">AddField \\rafsshare.mc.local\gis\devel\Projects\Transit\RouteGeography\RouteGeography.gdb\TransitPatternsOrigin pat_rte TEXT # # 25 # NULLABLE NON_REQUIRED #</Process>
				<Process ToolSource="c:\program files (x86)\arcgis\desktop10.7\ArcToolbox\Toolboxes\Data Management Tools.tbx\AddField" Date="20221110" Time="041728">AddField \\rafsshare.mc.local\gis\devel\Projects\Transit\RouteGeography\RouteGeography.gdb\TransitPatternsOrigin PatTr_Seq LONG # # # "Pattern Trace Sequence" NULLABLE NON_REQUIRED #</Process>
				<Process ToolSource="c:\program files (x86)\arcgis\desktop10.7\ArcToolbox\Toolboxes\Data Management Tools.tbx\AddField" Date="20221110" Time="041730">AddField \\rafsshare.mc.local\gis\devel\Projects\Transit\RouteGeography\RouteGeography.gdb\TransitPatternsOrigin coordID TEXT # # 100 "Coordinate ID" NULLABLE NON_REQUIRED #</Process>
				<Process ToolSource="c:\program files (x86)\arcgis\desktop10.7\ArcToolbox\Toolboxes\Data Management Tools.tbx\AddField" Date="20221110" Time="041732">AddField \\rafsshare.mc.local\gis\devel\Projects\Transit\RouteGeography\RouteGeography.gdb\TransitPatternsOrigin line_direction TEXT # # 5 "Travel Direction" NULLABLE NON_REQUIRED #</Process>
				<Process ToolSource="c:\program files (x86)\arcgis\desktop10.7\ArcToolbox\Toolboxes\Data Management Tools.tbx\AddField" Date="20221110" Time="041734">AddField \\rafsshare.mc.local\gis\devel\Projects\Transit\RouteGeography\RouteGeography.gdb\TransitPatternsOrigin line_direction_number LONG # # 25 "Travel Direction Number" NULLABLE NON_REQUIRED #</Process>
				<Process ToolSource="c:\program files (x86)\arcgis\desktop10.7\ArcToolbox\Toolboxes\Data Management Tools.tbx\AddField" Date="20221110" Time="041736">AddField \\rafsshare.mc.local\gis\devel\Projects\Transit\RouteGeography\RouteGeography.gdb\TransitPatternsOrigin term_letter TEXT # # 5 "Terminal Letter" NULLABLE NON_REQUIRED #</Process>
				<Process ToolSource="c:\program files (x86)\arcgis\desktop10.7\ArcToolbox\Toolboxes\Data Management Tools.tbx\Dissolve" Date="20221110" Time="042951">Dissolve \\rafsshare.mc.local\gis\devel\Projects\Transit\RouteGeography\RouteGeography.gdb\TransitPatternsOrigin \\rafsshare.mc.local\gis\devel\Projects\Transit\RouteGeography\RouteGeography.gdb\TransitRoutes line_id # MULTI_PART DISSOLVE_LINES</Process>
				<Process ToolSource="c:\program files (x86)\arcgis\desktop10.7\ArcToolbox\Toolboxes\Data Management Tools.tbx\AddField" Date="20221110" Time="042953">AddField \\rafsshare.mc.local\gis\devel\Projects\Transit\RouteGeography\RouteGeography.gdb\TransitRoutes key TEXT # # 5 # NULLABLE NON_REQUIRED #</Process>
				<Process ToolSource="c:\program files (x86)\arcgis\desktop10.7\ArcToolbox\Toolboxes\Data Management Tools.tbx\CalculateField" Date="20221110" Time="042954">CalculateField \\rafsshare.mc.local\gis\devel\Projects\Transit\RouteGeography\RouteGeography.gdb\TransitRoutes key !line_id! PYTHON_9.3 #</Process>
				<Process ToolSource="c:\program files (x86)\arcgis\desktop10.7\ArcToolbox\Toolboxes\Data Management Tools.tbx\JoinField" Date="20221110" Time="043004">JoinField \\rafsshare.mc.local\gis\devel\Projects\Transit\RouteGeography\RouteGeography.gdb\TransitRoutes line_id \\rafsshare.mc.local\gis\devel\Projects\Transit\RouteGeography\RouteGeography.gdb\line line_id2 route_operator;route_class;RouteDescription;RouteNumber;RoutePayLeave;EffectiveDate;PayLeaveDirectionID</Process>
				<Process ToolSource="c:\program files (x86)\arcgis\desktop10.7\ArcToolbox\Toolboxes\Data Management Tools.tbx\JoinField" Date="20221110" Time="043010">JoinField \\rafsshare.mc.local\gis\devel\Projects\Transit\RouteGeography\RouteGeography.gdb\TransitRoutes key \\rafsshare.mc.local\gis\devel\Projects\Transit\RouteGeography\RouteGeography.gdb\wk key wk_ftrip;wk_ltrip;wk_span;wk_trip_freq</Process>
				<Process ToolSource="c:\program files (x86)\arcgis\desktop10.7\ArcToolbox\Toolboxes\Data Management Tools.tbx\JoinField" Date="20221110" Time="043017">JoinField \\rafsshare.mc.local\gis\devel\Projects\Transit\RouteGeography\RouteGeography.gdb\TransitRoutes key \\rafsshare.mc.local\gis\devel\Projects\Transit\RouteGeography\RouteGeography.gdb\sat key sat_ftrip;sat_ltrip;sat_span;sat_trip_freq</Process>
				<Process ToolSource="c:\program files (x86)\arcgis\desktop10.7\ArcToolbox\Toolboxes\Data Management Tools.tbx\JoinField" Date="20221110" Time="043025">JoinField \\rafsshare.mc.local\gis\devel\Projects\Transit\RouteGeography\RouteGeography.gdb\TransitRoutes key \\rafsshare.mc.local\gis\devel\Projects\Transit\RouteGeography\RouteGeography.gdb\sun key sun_ftrip;sun_ltrip;sun_span;sun_trip_freq</Process>
				<Process ToolSource="c:\program files (x86)\arcgis\desktop10.7\ArcToolbox\Toolboxes\Data Management Tools.tbx\JoinField" Date="20221110" Time="043031">JoinField \\rafsshare.mc.local\gis\devel\Projects\Transit\RouteGeography\RouteGeography.gdb\TransitRoutes key \\rafsshare.mc.local\gis\devel\Projects\Transit\RouteGeography\RouteGeography.gdb\fri key fri_ftrip;fri_ltrip;fri_span;fri_trip_freq</Process>
				<Process ToolSource="c:\program files (x86)\arcgis\desktop10.7\ArcToolbox\Toolboxes\Data Management Tools.tbx\JoinField" Date="20221110" Time="043038">JoinField \\rafsshare.mc.local\gis\devel\Projects\Transit\RouteGeography\RouteGeography.gdb\TransitRoutes key \\rafsshare.mc.local\gis\devel\Projects\Transit\RouteGeography\RouteGeography.gdb\hol key hol_ftrip;hol_ltrip;hol_span;hol_trip_freq</Process>
				<Process ToolSource="c:\program files (x86)\arcgis\desktop10.7\ArcToolbox\Toolboxes\Data Management Tools.tbx\AlterField" Date="20221110" Time="043040">AlterField \\rafsshare.mc.local\gis\devel\Projects\Transit\RouteGeography\RouteGeography.gdb\TransitRoutes line_id route route TEXT 5 NULLABLE false</Process>
				<Process ToolSource="c:\program files (x86)\arcgis\desktop10.7\ArcToolbox\Toolboxes\Data Management Tools.tbx\AlterField" Date="20221110" Time="043042">AlterField \\rafsshare.mc.local\gis\devel\Projects\Transit\RouteGeography\RouteGeography.gdb\TransitRoutes RouteDescription routedscrp routedscrp TEXT 50 NULLABLE false</Process>
				<Process ToolSource="c:\program files (x86)\arcgis\desktop10.7\ArcToolbox\Toolboxes\Data Management Tools.tbx\AlterField" Date="20221110" Time="043044">AlterField \\rafsshare.mc.local\gis\devel\Projects\Transit\RouteGeography\RouteGeography.gdb\TransitRoutes RouteNumber routesort routesort LONG 4 NULLABLE false</Process>
				<Process ToolSource="c:\program files (x86)\arcgis\desktop10.7\ArcToolbox\Toolboxes\Data Management Tools.tbx\AlterField" Date="20221110" Time="043045">AlterField \\rafsshare.mc.local\gis\devel\Projects\Transit\RouteGeography\RouteGeography.gdb\TransitRoutes route_operator route_oper route_oper TEXT 8000 NULLABLE false</Process>
				<Process ToolSource="c:\program files (x86)\arcgis\desktop10.7\ArcToolbox\Toolboxes\Data Management Tools.tbx\AlterField" Date="20221110" Time="043047">AlterField \\rafsshare.mc.local\gis\devel\Projects\Transit\RouteGeography\RouteGeography.gdb\TransitRoutes route_class RouteClass "Route Classification" TEXT 8000 NULLABLE false</Process>
				<Process ToolSource="c:\program files (x86)\arcgis\desktop10.7\ArcToolbox\Toolboxes\Data Management Tools.tbx\DeleteField" Date="20221110" Time="043049">DeleteField \\rafsshare.mc.local\gis\devel\Projects\Transit\RouteGeography\RouteGeography.gdb\TransitRoutes key</Process>
				<Process ToolSource="c:\program files (x86)\arcgis\desktop10.7\ArcToolbox\Toolboxes\Conversion Tools.tbx\FeatureClassToFeatureClass" Date="20221111" Time="233720">FeatureClassToFeatureClass \\rafsshare.mc.local\gis\devel\Projects\Transit\RouteGeography\RouteGeography.gdb\TransitRoutes \\rafsshare.mc.local\gis\gis_library\GDRS\STAGE\trans_transit_routes\fgdb\trans_transit_routes.gdb TransitRoutes # "route "Route" true true false 5 Text 0 0 ,First,#,\\rafsshare.mc.local\gis\devel\Projects\Transit\RouteGeography\RouteGeography.gdb\TransitRoutes,route,-1,-1;Shape_Length "Shape_Length" false true true 8 Double 0 0 ,First,#,\\rafsshare.mc.local\gis\devel\Projects\Transit\RouteGeography\RouteGeography.gdb\TransitRoutes,Shape_Length,-1,-1;route_oper "route_oper" true true false 8000 Text 0 0 ,First,#,\\rafsshare.mc.local\gis\devel\Projects\Transit\RouteGeography\RouteGeography.gdb\TransitRoutes,route_oper,-1,-1;RouteClass "Route Classification" true true false 8000 Text 0 0 ,First,#,\\rafsshare.mc.local\gis\devel\Projects\Transit\RouteGeography\RouteGeography.gdb\TransitRoutes,RouteClass,-1,-1;routedscrp "routedscrp" true true false 50 Text 0 0 ,First,#,\\rafsshare.mc.local\gis\devel\Projects\Transit\RouteGeography\RouteGeography.gdb\TransitRoutes,routedscrp,-1,-1;routesort "routesort" true true false 4 Long 0 0 ,First,#,\\rafsshare.mc.local\gis\devel\Projects\Transit\RouteGeography\RouteGeography.gdb\TransitRoutes,routesort,-1,-1;RoutePayLeave "RoutePayLeave" true true false 2 Short 0 0 ,First,#,\\rafsshare.mc.local\gis\devel\Projects\Transit\RouteGeography\RouteGeography.gdb\TransitRoutes,RoutePayLeave,-1,-1;EffectiveDate "EffectiveDate" true true false 8 Date 0 0 ,First,#,\\rafsshare.mc.local\gis\devel\Projects\Transit\RouteGeography\RouteGeography.gdb\TransitRoutes,EffectiveDate,-1,-1;PayLeaveDirectionID "PayLeaveDirectionID" true true false 2 Short 0 0 ,First,#,\\rafsshare.mc.local\gis\devel\Projects\Transit\RouteGeography\RouteGeography.gdb\TransitRoutes,PayLeaveDirectionID,-1,-1;wk_ftrip "Weekday First Trip Start" true true false 16 Text 0 0 ,First,#,\\rafsshare.mc.local\gis\devel\Projects\Transit\RouteGeography\RouteGeography.gdb\TransitRoutes,wk_ftrip,-1,-1;wk_ltrip "Weekday Last Trip End" true true false 16 Text 0 0 ,First,#,\\rafsshare.mc.local\gis\devel\Projects\Transit\RouteGeography\RouteGeography.gdb\TransitRoutes,wk_ltrip,-1,-1;wk_span "Weekday Timespan" true true false 16 Text 0 0 ,First,#,\\rafsshare.mc.local\gis\devel\Projects\Transit\RouteGeography\RouteGeography.gdb\TransitRoutes,wk_span,-1,-1;wk_trip_freq "Weekday Trip Count" true true false 4 Long 0 0 ,First,#,\\rafsshare.mc.local\gis\devel\Projects\Transit\RouteGeography\RouteGeography.gdb\TransitRoutes,wk_trip_freq,-1,-1;sat_ftrip "Saturday First Trip Start" true true false 16 Text 0 0 ,First,#,\\rafsshare.mc.local\gis\devel\Projects\Transit\RouteGeography\RouteGeography.gdb\TransitRoutes,sat_ftrip,-1,-1;sat_ltrip "Saturday Last Trip End" true true false 16 Text 0 0 ,First,#,\\rafsshare.mc.local\gis\devel\Projects\Transit\RouteGeography\RouteGeography.gdb\TransitRoutes,sat_ltrip,-1,-1;sat_span "Saturday Timespan" true true false 16 Text 0 0 ,First,#,\\rafsshare.mc.local\gis\devel\Projects\Transit\RouteGeography\RouteGeography.gdb\TransitRoutes,sat_span,-1,-1;sat_trip_freq "Saturday Trip Count" true true false 4 Long 0 0 ,First,#,\\rafsshare.mc.local\gis\devel\Projects\Transit\RouteGeography\RouteGeography.gdb\TransitRoutes,sat_trip_freq,-1,-1;sun_ftrip "Sunday First Trip Start" true true false 16 Text 0 0 ,First,#,\\rafsshare.mc.local\gis\devel\Projects\Transit\RouteGeography\RouteGeography.gdb\TransitRoutes,sun_ftrip,-1,-1;sun_ltrip "Sunday Last Trip End" true true false 16 Text 0 0 ,First,#,\\rafsshare.mc.local\gis\devel\Projects\Transit\RouteGeography\RouteGeography.gdb\TransitRoutes,sun_ltrip,-1,-1;sun_span "Sunday Timespan" true true false 16 Text 0 0 ,First,#,\\rafsshare.mc.local\gis\devel\Projects\Transit\RouteGeography\RouteGeography.gdb\TransitRoutes,sun_span,-1,-1;sun_trip_freq "Sunday Trip Count" true true false 4 Long 0 0 ,First,#,\\rafsshare.mc.local\gis\devel\Projects\Transit\RouteGeography\RouteGeography.gdb\TransitRoutes,sun_trip_freq,-1,-1;fri_ftrip "Friday First Trip Start" true true false 16 Text 0 0 ,First,#,\\rafsshare.mc.local\gis\devel\Projects\Transit\RouteGeography\RouteGeography.gdb\TransitRoutes,fri_ftrip,-1,-1;fri_ltrip "Friday Last Trip End" true true false 16 Text 0 0 ,First,#,\\rafsshare.mc.local\gis\devel\Projects\Transit\RouteGeography\RouteGeography.gdb\TransitRoutes,fri_ltrip,-1,-1;fri_span "Friday Timespan" true true false 16 Text 0 0 ,First,#,\\rafsshare.mc.local\gis\devel\Projects\Transit\RouteGeography\RouteGeography.gdb\TransitRoutes,fri_span,-1,-1;fri_trip_freq "Friday Trip Count" true true false 4 Long 0 0 ,First,#,\\rafsshare.mc.local\gis\devel\Projects\Transit\RouteGeography\RouteGeography.gdb\TransitRoutes,fri_trip_freq,-1,-1;hol_ftrip "Holiday First Trip Start" true true false 16 Text 0 0 ,First,#,\\rafsshare.mc.local\gis\devel\Projects\Transit\RouteGeography\RouteGeography.gdb\TransitRoutes,hol_ftrip,-1,-1;hol_ltrip "Holiday Last Trip End" true true false 16 Text 0 0 ,First,#,\\rafsshare.mc.local\gis\devel\Projects\Transit\RouteGeography\RouteGeography.gdb\TransitRoutes,hol_ltrip,-1,-1;hol_span "Holiday Timespan" true true false 16 Text 0 0 ,First,#,\\rafsshare.mc.local\gis\devel\Projects\Transit\RouteGeography\RouteGeography.gdb\TransitRoutes,hol_span,-1,-1;hol_trip_freq "Holiday Trip Count" true true false 4 Long 0 0 ,First,#,\\rafsshare.mc.local\gis\devel\Projects\Transit\RouteGeography\RouteGeography.gdb\TransitRoutes,hol_trip_freq,-1,-1" #</Process>
				<Process ToolSource="C:\program files\arcgis\server\ArcToolbox\Toolboxes\Conversion Tools.tbx\FeatureClassToFeatureClass" Date="20221114" Time="235529">FeatureClassToFeatureClass /var/ftp/gdrs_temp/update\us_mn_state_metc\trans_transit_routes\fgdb\trans_transit_routes.gdb\TransitRoutes /var/ftp/gdrs_temp/update\us_mn_state_metc\trans_transit_routes\shp TransitRoutes.shp # "route "Route" true true false 5 Text 0 0 ,First,#,/var/ftp/gdrs_temp/update\us_mn_state_metc\trans_transit_routes\fgdb\trans_transit_routes.gdb\TransitRoutes,route,-1,-1;route_oper "route_oper" true true false 8000 Text 0 0 ,First,#,/var/ftp/gdrs_temp/update\us_mn_state_metc\trans_transit_routes\fgdb\trans_transit_routes.gdb\TransitRoutes,route_oper,-1,-1;RouteClass "Route Classification" true true false 8000 Text 0 0 ,First,#,/var/ftp/gdrs_temp/update\us_mn_state_metc\trans_transit_routes\fgdb\trans_transit_routes.gdb\TransitRoutes,RouteClass,-1,-1;routedscrp "routedscrp" true true false 50 Text 0 0 ,First,#,/var/ftp/gdrs_temp/update\us_mn_state_metc\trans_transit_routes\fgdb\trans_transit_routes.gdb\TransitRoutes,routedscrp,-1,-1;routesort "routesort" true true false 4 Long 0 0 ,First,#,/var/ftp/gdrs_temp/update\us_mn_state_metc\trans_transit_routes\fgdb\trans_transit_routes.gdb\TransitRoutes,routesort,-1,-1;RoutePayLe "RoutePayLe" true true false 2 Short 0 0 ,First,#,/var/ftp/gdrs_temp/update\us_mn_state_metc\trans_transit_routes\fgdb\trans_transit_routes.gdb\TransitRoutes,RoutePayLeave,-1,-1;EffectiveD "EffectiveD" true true false 8 Date 0 0 ,First,#,/var/ftp/gdrs_temp/update\us_mn_state_metc\trans_transit_routes\fgdb\trans_transit_routes.gdb\TransitRoutes,EffectiveDate,-1,-1;PayLeaveDi "PayLeaveDi" true true false 2 Short 0 0 ,First,#,/var/ftp/gdrs_temp/update\us_mn_state_metc\trans_transit_routes\fgdb\trans_transit_routes.gdb\TransitRoutes,PayLeaveDirectionID,-1,-1;wk_ftrip "Weekday First Trip Start" true true false 16 Text 0 0 ,First,#,/var/ftp/gdrs_temp/update\us_mn_state_metc\trans_transit_routes\fgdb\trans_transit_routes.gdb\TransitRoutes,wk_ftrip,-1,-1;wk_ltrip "Weekday Last Trip End" true true false 16 Text 0 0 ,First,#,/var/ftp/gdrs_temp/update\us_mn_state_metc\trans_transit_routes\fgdb\trans_transit_routes.gdb\TransitRoutes,wk_ltrip,-1,-1;wk_span "Weekday Timespan" true true false 16 Text 0 0 ,First,#,/var/ftp/gdrs_temp/update\us_mn_state_metc\trans_transit_routes\fgdb\trans_transit_routes.gdb\TransitRoutes,wk_span,-1,-1;wk_trip_fr "Weekday Trip Count" true true false 4 Long 0 0 ,First,#,/var/ftp/gdrs_temp/update\us_mn_state_metc\trans_transit_routes\fgdb\trans_transit_routes.gdb\TransitRoutes,wk_trip_freq,-1,-1;sat_ftrip "Saturday First Trip Start" true true false 16 Text 0 0 ,First,#,/var/ftp/gdrs_temp/update\us_mn_state_metc\trans_transit_routes\fgdb\trans_transit_routes.gdb\TransitRoutes,sat_ftrip,-1,-1;sat_ltrip "Saturday Last Trip End" true true false 16 Text 0 0 ,First,#,/var/ftp/gdrs_temp/update\us_mn_state_metc\trans_transit_routes\fgdb\trans_transit_routes.gdb\TransitRoutes,sat_ltrip,-1,-1;sat_span "Saturday Timespan" true true false 16 Text 0 0 ,First,#,/var/ftp/gdrs_temp/update\us_mn_state_metc\trans_transit_routes\fgdb\trans_transit_routes.gdb\TransitRoutes,sat_span,-1,-1;sat_trip_f "Saturday Trip Count" true true false 4 Long 0 0 ,First,#,/var/ftp/gdrs_temp/update\us_mn_state_metc\trans_transit_routes\fgdb\trans_transit_routes.gdb\TransitRoutes,sat_trip_freq,-1,-1;sun_ftrip "Sunday First Trip Start" true true false 16 Text 0 0 ,First,#,/var/ftp/gdrs_temp/update\us_mn_state_metc\trans_transit_routes\fgdb\trans_transit_routes.gdb\TransitRoutes,sun_ftrip,-1,-1;sun_ltrip "Sunday Last Trip End" true true false 16 Text 0 0 ,First,#,/var/ftp/gdrs_temp/update\us_mn_state_metc\trans_transit_routes\fgdb\trans_transit_routes.gdb\TransitRoutes,sun_ltrip,-1,-1;sun_span "Sunday Timespan" true true false 16 Text 0 0 ,First,#,/var/ftp/gdrs_temp/update\us_mn_state_metc\trans_transit_routes\fgdb\trans_transit_routes.gdb\TransitRoutes,sun_span,-1,-1;sun_trip_f "Sunday Trip Count" true true false 4 Long 0 0 ,First,#,/var/ftp/gdrs_temp/update\us_mn_state_metc\trans_transit_routes\fgdb\trans_transit_routes.gdb\TransitRoutes,sun_trip_freq,-1,-1;fri_ftrip "Friday First Trip Start" true true false 16 Text 0 0 ,First,#,/var/ftp/gdrs_temp/update\us_mn_state_metc\trans_transit_routes\fgdb\trans_transit_routes.gdb\TransitRoutes,fri_ftrip,-1,-1;fri_ltrip "Friday Last Trip End" true true false 16 Text 0 0 ,First,#,/var/ftp/gdrs_temp/update\us_mn_state_metc\trans_transit_routes\fgdb\trans_transit_routes.gdb\TransitRoutes,fri_ltrip,-1,-1;fri_span "Friday Timespan" true true false 16 Text 0 0 ,First,#,/var/ftp/gdrs_temp/update\us_mn_state_metc\trans_transit_routes\fgdb\trans_transit_routes.gdb\TransitRoutes,fri_span,-1,-1;fri_trip_f "Friday Trip Count" true true false 4 Long 0 0 ,First,#,/var/ftp/gdrs_temp/update\us_mn_state_metc\trans_transit_routes\fgdb\trans_transit_routes.gdb\TransitRoutes,fri_trip_freq,-1,-1;hol_ftrip "Holiday First Trip Start" true true false 16 Text 0 0 ,First,#,/var/ftp/gdrs_temp/update\us_mn_state_metc\trans_transit_routes\fgdb\trans_transit_routes.gdb\TransitRoutes,hol_ftrip,-1,-1;hol_ltrip "Holiday Last Trip End" true true false 16 Text 0 0 ,First,#,/var/ftp/gdrs_temp/update\us_mn_state_metc\trans_transit_routes\fgdb\trans_transit_routes.gdb\TransitRoutes,hol_ltrip,-1,-1;hol_span "Holiday Timespan" true true false 16 Text 0 0 ,First,#,/var/ftp/gdrs_temp/update\us_mn_state_metc\trans_transit_routes\fgdb\trans_transit_routes.gdb\TransitRoutes,hol_span,-1,-1;hol_trip_f "Holiday Trip Count" true true false 4 Long 0 0 ,First,#,/var/ftp/gdrs_temp/update\us_mn_state_metc\trans_transit_routes\fgdb\trans_transit_routes.gdb\TransitRoutes,hol_trip_freq,-1,-1;Shape_Leng "Shape_Leng" false true true 8 Double 0 0 ,First,#,/var/ftp/gdrs_temp/update\us_mn_state_metc\trans_transit_routes\fgdb\trans_transit_routes.gdb\TransitRoutes,Shape_Length,-1,-1" #</Process>
			</lineage>
			<itemProps>
				<itemName Sync="TRUE">TransitRoutes</itemName>
				<imsContentType Sync="TRUE">002</imsContentType>
				<itemLocation>
					<linkage Sync="TRUE">file://\\g46palgdrftp001\Z\var\ftp\gdrs_temp\update\us_mn_state_metc\trans_transit_routes\shp\TransitRoutes.shp</linkage>
					<protocol Sync="TRUE">Local Area Network</protocol>
				</itemLocation>
				<itemSize Sync="TRUE">0.000</itemSize>
			</itemProps>
			<coordRef>
				<type Sync="TRUE">Projected</type>
				<geogcsn Sync="TRUE">GCS_North_American_1983</geogcsn>
				<csUnits Sync="TRUE">Linear Unit: Meter (1.000000)</csUnits>
				<projcsn Sync="TRUE">NAD_1983_UTM_Zone_15N</projcsn>
				<peXml Sync="TRUE">&lt;ProjectedCoordinateSystem xsi:type='typens:ProjectedCoordinateSystem' xmlns:xsi='http://www.w3.org/2001/XMLSchema-instance' xmlns:xs='http://www.w3.org/2001/XMLSchema' xmlns:typens='http://www.esri.com/schemas/ArcGIS/10.4'&gt;&lt;WKT&gt;PROJCS[&amp;quot;NAD_1983_UTM_Zone_15N&amp;quot;,GEOGCS[&amp;quot;GCS_North_American_1983&amp;quot;,DATUM[&amp;quot;D_North_American_1983&amp;quot;,SPHEROID[&amp;quot;GRS_1980&amp;quot;,6378137.0,298.257222101]],PRIMEM[&amp;quot;Greenwich&amp;quot;,0.0],UNIT[&amp;quot;Degree&amp;quot;,0.0174532925199433]],PROJECTION[&amp;quot;Transverse_Mercator&amp;quot;],PARAMETER[&amp;quot;False_Easting&amp;quot;,500000.0],PARAMETER[&amp;quot;False_Northing&amp;quot;,0.0],PARAMETER[&amp;quot;Central_Meridian&amp;quot;,-93.0],PARAMETER[&amp;quot;Scale_Factor&amp;quot;,0.9996],PARAMETER[&amp;quot;Latitude_Of_Origin&amp;quot;,0.0],UNIT[&amp;quot;Meter&amp;quot;,1.0],AUTHORITY[&amp;quot;EPSG&amp;quot;,26915]]&lt;/WKT&gt;&lt;XOrigin&gt;-5120900&lt;/XOrigin&gt;&lt;YOrigin&gt;-9998100&lt;/YOrigin&gt;&lt;XYScale&gt;450445547.3910538&lt;/XYScale&gt;&lt;ZOrigin&gt;-100000&lt;/ZOrigin&gt;&lt;ZScale&gt;10000&lt;/ZScale&gt;&lt;MOrigin&gt;-100000&lt;/MOrigin&gt;&lt;MScale&gt;10000&lt;/MScale&gt;&lt;XYTolerance&gt;0.001&lt;/XYTolerance&gt;&lt;ZTolerance&gt;0.001&lt;/ZTolerance&gt;&lt;MTolerance&gt;0.001&lt;/MTolerance&gt;&lt;HighPrecision&gt;true&lt;/HighPrecision&gt;&lt;WKID&gt;26915&lt;/WKID&gt;&lt;LatestWKID&gt;26915&lt;/LatestWKID&gt;&lt;/ProjectedCoordinateSystem&gt;</peXml>
			</coordRef>
		</DataProperties>
		<SyncDate>20221114</SyncDate>
		<SyncTime>23552900</SyncTime>
		<ModDate>20221114</ModDate>
		<ModTime>23552900</ModTime>
	</Esri>
	<dataIdInfo>
		<envirDesc Sync="TRUE">Microsoft Windows XP Professional x64 Edition Version 5.2 (Build 3790) Service Pack 2; Esri ArcGIS 10.4.1.5686</envirDesc>
		<dataLang>
			<languageCode value="en" Sync="TRUE"/>
			<countryCode value="US" Sync="TRUE"/>
		</dataLang>
		<idCitation>
			<resTitle Sync="TRUE">TransitRoutes</resTitle>
			<presForm>
				<PresFormCd value="005" Sync="TRUE"/>
			</presForm>
		</idCitation>
		<spatRpType>
			<SpatRepTypCd value="001" Sync="TRUE"/>
		</spatRpType>
	</dataIdInfo>
	<mdLang>
		<languageCode value="en" Sync="TRUE"/>
		<countryCode value="US" Sync="TRUE"/>
	</mdLang>
	<distInfo>
		<distFormat>
			<formatName Sync="TRUE">Shapefile</formatName>
		</distFormat>
		<distTranOps>
			<transSize Sync="TRUE">0.000</transSize>
		</distTranOps>
	</distInfo>
	<mdHrLv>
		<ScopeCd value="005" Sync="TRUE"/>
	</mdHrLv>
	<mdHrLvName Sync="TRUE">dataset</mdHrLvName>
	<refSysInfo>
		<RefSystem>
			<refSysID>
				<identCode code="26915" Sync="TRUE"/>
				<idCodeSpace Sync="TRUE">EPSG</idCodeSpace>
				<idVersion Sync="TRUE">6.13(3.0.1)</idVersion>
			</refSysID>
		</RefSystem>
	</refSysInfo>
	<spatRepInfo>
		<VectSpatRep>
			<geometObjs Name="TransitRoutes">
				<geoObjTyp>
					<GeoObjTypCd value="002" Sync="TRUE"/>
				</geoObjTyp>
				<geoObjCnt Sync="TRUE">0</geoObjCnt>
			</geometObjs>
			<topLvl>
				<TopoLevCd value="001" Sync="TRUE"/>
			</topLvl>
		</VectSpatRep>
	</spatRepInfo>
	<spdoinfo>
		<ptvctinf>
			<esriterm Name="TransitRoutes">
				<efeatyp Sync="TRUE">Simple</efeatyp>
				<efeageom code="3" Sync="TRUE"/>
				<esritopo Sync="TRUE">FALSE</esritopo>
				<efeacnt Sync="TRUE">0</efeacnt>
				<spindex Sync="TRUE">FALSE</spindex>
				<linrefer Sync="TRUE">FALSE</linrefer>
			</esriterm>
		</ptvctinf>
	</spdoinfo>
	<eainfo>
		<detailed Name="TransitRoutes">
			<enttyp>
				<enttypl Sync="TRUE">TransitRoutes</enttypl>
				<enttypt Sync="TRUE">Feature Class</enttypt>
				<enttypc Sync="TRUE">0</enttypc>
			</enttyp>
			<attr>
				<attrlabl Sync="TRUE">FID</attrlabl>
				<attalias Sync="TRUE">FID</attalias>
				<attrtype Sync="TRUE">OID</attrtype>
				<attwidth Sync="TRUE">4</attwidth>
				<atprecis Sync="TRUE">0</atprecis>
				<attscale Sync="TRUE">0</attscale>
				<attrdef Sync="TRUE">Internal feature number.</attrdef>
				<attrdefs Sync="TRUE">Esri</attrdefs>
				<attrdomv>
					<udom Sync="TRUE">Sequential unique whole numbers that are automatically generated.</udom>
				</attrdomv>
			</attr>
			<attr>
				<attrlabl Sync="TRUE">Shape</attrlabl>
				<attalias Sync="TRUE">Shape</attalias>
				<attrtype Sync="TRUE">Geometry</attrtype>
				<attwidth Sync="TRUE">0</attwidth>
				<atprecis Sync="TRUE">0</atprecis>
				<attscale Sync="TRUE">0</attscale>
				<attrdef Sync="TRUE">Feature geometry.</attrdef>
				<attrdefs Sync="TRUE">Esri</attrdefs>
				<attrdomv>
					<udom Sync="TRUE">Coordinates defining the features.</udom>
				</attrdomv>
			</attr>
			<attr>
				<attrlabl Sync="TRUE">route</attrlabl>
				<attalias Sync="TRUE">route</attalias>
				<attrtype Sync="TRUE">String</attrtype>
				<attwidth Sync="TRUE">5</attwidth>
				<atprecis Sync="TRUE">0</atprecis>
				<attscale Sync="TRUE">0</attscale>
			</attr>
			<attr>
				<attrlabl Sync="TRUE">route_oper</attrlabl>
				<attalias Sync="TRUE">route_oper</attalias>
				<attrtype Sync="TRUE">String</attrtype>
				<attwidth Sync="TRUE">254</attwidth>
				<atprecis Sync="TRUE">0</atprecis>
				<attscale Sync="TRUE">0</attscale>
			</attr>
			<attr>
				<attrlabl Sync="TRUE">RouteClass</attrlabl>
				<attalias Sync="TRUE">RouteClass</attalias>
				<attrtype Sync="TRUE">String</attrtype>
				<attwidth Sync="TRUE">254</attwidth>
				<atprecis Sync="TRUE">0</atprecis>
				<attscale Sync="TRUE">0</attscale>
			</attr>
			<attr>
				<attrlabl Sync="TRUE">routedscrp</attrlabl>
				<attalias Sync="TRUE">routedscrp</attalias>
				<attrtype Sync="TRUE">String</attrtype>
				<attwidth Sync="TRUE">50</attwidth>
				<atprecis Sync="TRUE">0</atprecis>
				<attscale Sync="TRUE">0</attscale>
			</attr>
			<attr>
				<attrlabl Sync="TRUE">routesort</attrlabl>
				<attalias Sync="TRUE">routesort</attalias>
				<attrtype Sync="TRUE">Integer</attrtype>
				<attwidth Sync="TRUE">10</attwidth>
				<atprecis Sync="TRUE">10</atprecis>
				<attscale Sync="TRUE">0</attscale>
			</attr>
			<attr>
				<attrlabl Sync="TRUE">RoutePayLe</attrlabl>
				<attalias Sync="TRUE">RoutePayLe</attalias>
				<attrtype Sync="TRUE">Integer</attrtype>
				<attwidth Sync="TRUE">5</attwidth>
				<atprecis Sync="TRUE">5</atprecis>
				<attscale Sync="TRUE">0</attscale>
			</attr>
			<attr>
				<attrlabl Sync="TRUE">EffectiveD</attrlabl>
				<attalias Sync="TRUE">EffectiveD</attalias>
				<attrtype Sync="TRUE">Date</attrtype>
				<attwidth Sync="TRUE">8</attwidth>
				<atprecis Sync="TRUE">0</atprecis>
				<attscale Sync="TRUE">0</attscale>
			</attr>
			<attr>
				<attrlabl Sync="TRUE">PayLeaveDi</attrlabl>
				<attalias Sync="TRUE">PayLeaveDi</attalias>
				<attrtype Sync="TRUE">Integer</attrtype>
				<attwidth Sync="TRUE">5</attwidth>
				<atprecis Sync="TRUE">5</atprecis>
				<attscale Sync="TRUE">0</attscale>
			</attr>
			<attr>
				<attrlabl Sync="TRUE">wk_ftrip</attrlabl>
				<attalias Sync="TRUE">wk_ftrip</attalias>
				<attrtype Sync="TRUE">String</attrtype>
				<attwidth Sync="TRUE">16</attwidth>
				<atprecis Sync="TRUE">0</atprecis>
				<attscale Sync="TRUE">0</attscale>
			</attr>
			<attr>
				<attrlabl Sync="TRUE">wk_ltrip</attrlabl>
				<attalias Sync="TRUE">wk_ltrip</attalias>
				<attrtype Sync="TRUE">String</attrtype>
				<attwidth Sync="TRUE">16</attwidth>
				<atprecis Sync="TRUE">0</atprecis>
				<attscale Sync="TRUE">0</attscale>
			</attr>
			<attr>
				<attrlabl Sync="TRUE">wk_span</attrlabl>
				<attalias Sync="TRUE">wk_span</attalias>
				<attrtype Sync="TRUE">String</attrtype>
				<attwidth Sync="TRUE">16</attwidth>
				<atprecis Sync="TRUE">0</atprecis>
				<attscale Sync="TRUE">0</attscale>
			</attr>
			<attr>
				<attrlabl Sync="TRUE">wk_trip_fr</attrlabl>
				<attalias Sync="TRUE">wk_trip_fr</attalias>
				<attrtype Sync="TRUE">Integer</attrtype>
				<attwidth Sync="TRUE">10</attwidth>
				<atprecis Sync="TRUE">10</atprecis>
				<attscale Sync="TRUE">0</attscale>
			</attr>
			<attr>
				<attrlabl Sync="TRUE">sat_ftrip</attrlabl>
				<attalias Sync="TRUE">sat_ftrip</attalias>
				<attrtype Sync="TRUE">String</attrtype>
				<attwidth Sync="TRUE">16</attwidth>
				<atprecis Sync="TRUE">0</atprecis>
				<attscale Sync="TRUE">0</attscale>
			</attr>
			<attr>
				<attrlabl Sync="TRUE">sat_ltrip</attrlabl>
				<attalias Sync="TRUE">sat_ltrip</attalias>
				<attrtype Sync="TRUE">String</attrtype>
				<attwidth Sync="TRUE">16</attwidth>
				<atprecis Sync="TRUE">0</atprecis>
				<attscale Sync="TRUE">0</attscale>
			</attr>
			<attr>
				<attrlabl Sync="TRUE">sat_span</attrlabl>
				<attalias Sync="TRUE">sat_span</attalias>
				<attrtype Sync="TRUE">String</attrtype>
				<attwidth Sync="TRUE">16</attwidth>
				<atprecis Sync="TRUE">0</atprecis>
				<attscale Sync="TRUE">0</attscale>
			</attr>
			<attr>
				<attrlabl Sync="TRUE">sat_trip_f</attrlabl>
				<attalias Sync="TRUE">sat_trip_f</attalias>
				<attrtype Sync="TRUE">Integer</attrtype>
				<attwidth Sync="TRUE">10</attwidth>
				<atprecis Sync="TRUE">10</atprecis>
				<attscale Sync="TRUE">0</attscale>
			</attr>
			<attr>
				<attrlabl Sync="TRUE">sun_ftrip</attrlabl>
				<attalias Sync="TRUE">sun_ftrip</attalias>
				<attrtype Sync="TRUE">String</attrtype>
				<attwidth Sync="TRUE">16</attwidth>
				<atprecis Sync="TRUE">0</atprecis>
				<attscale Sync="TRUE">0</attscale>
			</attr>
			<attr>
				<attrlabl Sync="TRUE">sun_ltrip</attrlabl>
				<attalias Sync="TRUE">sun_ltrip</attalias>
				<attrtype Sync="TRUE">String</attrtype>
				<attwidth Sync="TRUE">16</attwidth>
				<atprecis Sync="TRUE">0</atprecis>
				<attscale Sync="TRUE">0</attscale>
			</attr>
			<attr>
				<attrlabl Sync="TRUE">sun_span</attrlabl>
				<attalias Sync="TRUE">sun_span</attalias>
				<attrtype Sync="TRUE">String</attrtype>
				<attwidth Sync="TRUE">16</attwidth>
				<atprecis Sync="TRUE">0</atprecis>
				<attscale Sync="TRUE">0</attscale>
			</attr>
			<attr>
				<attrlabl Sync="TRUE">sun_trip_f</attrlabl>
				<attalias Sync="TRUE">sun_trip_f</attalias>
				<attrtype Sync="TRUE">Integer</attrtype>
				<attwidth Sync="TRUE">10</attwidth>
				<atprecis Sync="TRUE">10</atprecis>
				<attscale Sync="TRUE">0</attscale>
			</attr>
			<attr>
				<attrlabl Sync="TRUE">fri_ftrip</attrlabl>
				<attalias Sync="TRUE">fri_ftrip</attalias>
				<attrtype Sync="TRUE">String</attrtype>
				<attwidth Sync="TRUE">16</attwidth>
				<atprecis Sync="TRUE">0</atprecis>
				<attscale Sync="TRUE">0</attscale>
			</attr>
			<attr>
				<attrlabl Sync="TRUE">fri_ltrip</attrlabl>
				<attalias Sync="TRUE">fri_ltrip</attalias>
				<attrtype Sync="TRUE">String</attrtype>
				<attwidth Sync="TRUE">16</attwidth>
				<atprecis Sync="TRUE">0</atprecis>
				<attscale Sync="TRUE">0</attscale>
			</attr>
			<attr>
				<attrlabl Sync="TRUE">fri_span</attrlabl>
				<attalias Sync="TRUE">fri_span</attalias>
				<attrtype Sync="TRUE">String</attrtype>
				<attwidth Sync="TRUE">16</attwidth>
				<atprecis Sync="TRUE">0</atprecis>
				<attscale Sync="TRUE">0</attscale>
			</attr>
			<attr>
				<attrlabl Sync="TRUE">fri_trip_f</attrlabl>
				<attalias Sync="TRUE">fri_trip_f</attalias>
				<attrtype Sync="TRUE">Integer</attrtype>
				<attwidth Sync="TRUE">10</attwidth>
				<atprecis Sync="TRUE">10</atprecis>
				<attscale Sync="TRUE">0</attscale>
			</attr>
			<attr>
				<attrlabl Sync="TRUE">hol_ftrip</attrlabl>
				<attalias Sync="TRUE">hol_ftrip</attalias>
				<attrtype Sync="TRUE">String</attrtype>
				<attwidth Sync="TRUE">16</attwidth>
				<atprecis Sync="TRUE">0</atprecis>
				<attscale Sync="TRUE">0</attscale>
			</attr>
			<attr>
				<attrlabl Sync="TRUE">hol_ltrip</attrlabl>
				<attalias Sync="TRUE">hol_ltrip</attalias>
				<attrtype Sync="TRUE">String</attrtype>
				<attwidth Sync="TRUE">16</attwidth>
				<atprecis Sync="TRUE">0</atprecis>
				<attscale Sync="TRUE">0</attscale>
			</attr>
			<attr>
				<attrlabl Sync="TRUE">hol_span</attrlabl>
				<attalias Sync="TRUE">hol_span</attalias>
				<attrtype Sync="TRUE">String</attrtype>
				<attwidth Sync="TRUE">16</attwidth>
				<atprecis Sync="TRUE">0</atprecis>
				<attscale Sync="TRUE">0</attscale>
			</attr>
			<attr>
				<attrlabl Sync="TRUE">hol_trip_f</attrlabl>
				<attalias Sync="TRUE">hol_trip_f</attalias>
				<attrtype Sync="TRUE">Integer</attrtype>
				<attwidth Sync="TRUE">10</attwidth>
				<atprecis Sync="TRUE">10</atprecis>
				<attscale Sync="TRUE">0</attscale>
			</attr>
			<attr>
				<attrlabl Sync="TRUE">Shape_Leng</attrlabl>
				<attalias Sync="TRUE">Shape_Leng</attalias>
				<attrtype Sync="TRUE">Double</attrtype>
				<attwidth Sync="TRUE">19</attwidth>
				<atprecis Sync="TRUE">0</atprecis>
				<attscale Sync="TRUE">0</attscale>
			</attr>
		</detailed>
	</eainfo>
	<mdDateSt Sync="TRUE">20221114</mdDateSt>
</metadata>
