"","MMSI","LON","LAT"
"1",368084090,-89.99243,29.93174
"2",368140160,-87.14429,30.33475
"3",366941830,-94.79702,29.30919
"4",316005971,-84.35674,46.50268
"5",316004054,-84.37506,46.50326
"6",366863870,-72.35814,41.08748
"7",368118150,-122.32991,47.39789
"8",338379253,-117.89591,33.61997
"9",368195460,-122.32987,37.6433
"10",367614790,-157.8782,21.31673
"11",316005971,-84.35796,46.50254
"12",368084090,-89.99446,29.93265
"13",368195460,-122.3297,37.64447
"14",368084090,-89.99626,29.93374
"15",368084090,-89.99808,29.93495
"16",316005971,-84.35907,46.50243
"17",366863870,-72.35795,41.08943
"18",367614790,-157.87819,21.31673
"19",316004054,-84.37512,46.50312
"20",366863870,-72.35822,41.08767
"21",316004054,-84.37494,46.5033
"22",316004054,-84.37532,46.50296
"23",366863870,-72.35756,41.09332
"24",368140160,-87.14429,30.33475
"25",368118150,-122.32992,47.39789
"26",316005971,-84.3598,46.50235
"27",366863870,-72.35747,41.09148
"28",368195460,-122.33082,37.64577
"29",368084090,-89.99989,29.93616
"30",316004054,-84.37526,46.50302
"31",368084090,-90.00353,29.93852
"32",316005971,-84.36235,46.50216
"33",316005971,-84.36049,46.50228
"34",366941830,-94.797,29.30916
"35",368195460,-122.33193,37.64703
"36",368084090,-90.00169,29.9373
"37",368084090,-90.0054,29.93972
"38",367614790,-157.87819,21.31672
"39",366941830,-94.79595,29.30949
"40",316004054,-84.37536,46.50292
"41",366941830,-94.79692,29.30941
"42",368140160,-87.14429,30.33475
"43",366863870,-72.35738,41.09548
"44",368118150,-122.32995,47.3979
"45",316005971,-84.36135,46.50223
"46",316004054,-84.37535,46.50291
"47",368195460,-122.34017,37.64763
"48",368118150,-122.32994,47.39788
"49",316005971,-84.36592,46.50196
"50",366863870,-72.3575,41.09764
"51",316004054,-84.37515,46.50281
"52",367614790,-157.87819,21.31674
"53",368195460,-122.3361,37.64792
"54",316004054,-84.37528,46.50287
"55",316005971,-84.36355,46.50212
"56",368084090,-90.01046,29.94334
"57",366941830,-94.79592,29.30952
"58",366863870,-72.35824,41.09913
"59",368195460,-122.34202,37.64788
"60",338379253,-117.89589,33.61997
"61",368084090,-90.00712,29.94099
"62",316005971,-84.36479,46.50199
"63",316004054,-84.37443,46.50264
"64",366863870,-72.36049,41.0998
"65",316005971,-84.36871,46.50187
"66",368084090,-90.00864,29.94209
"67",368195460,-122.34195,37.64918
"68",368140160,-87.14429,30.33475
"69",366941830,-94.79608,29.30954
"70",316004054,-84.37498,46.50276
"71",366863870,-72.3615,41.09997
"72",368195460,-122.34202,37.65062
"73",366863870,-72.36149,41.09999
"74",368084090,-90.01616,29.94664
"75",316005971,-84.36723,46.50194
"76",368140160,-87.14429,30.33475
"77",368140160,-87.14429,30.33475
"78",366863870,-72.36147,41.10001
"79",368118150,-122.32992,47.39786
"80",316004054,-84.37477,46.50269
"81",368084090,-90.0123,29.94453
"82",368084090,-90.01789,29.94748
"83",366941830,-94.79607,29.30945
"84",367614790,-157.87819,21.31672
"85",338379253,-117.89589,33.61998
"86",338379253,-117.8959,33.61997
"87",366863870,-72.36011,41.09966
"88",316005971,-84.37242,46.50175
"89",366863870,-72.36146,41.09997
"90",368084090,-90.0142,29.94556
"91",316005971,-84.37042,46.5018
"92",316004054,-84.37153,46.50283
"93",368118150,-122.32993,47.39787
"94",316004054,-84.36993,46.50229
"95",367614790,-157.87819,21.31672
"96",366863870,-72.35935,41.09843
"97",368195460,-122.34003,37.65907
"98",316004054,-84.37226,46.50169
"99",367614790,-157.8782,21.31672
"100",368195460,-122.34135,37.65362
"101",316005971,-84.37476,46.50181
"102",368084090,-90.01994,29.94838
"103",368195460,-122.34103,37.6552
"104",316004054,-84.37102,46.50168
"105",368195460,-122.34058,37.65675
"106",366863870,-72.35915,41.09236
"107",316005971,-84.37139,46.5018
"108",366863870,-72.36145,41.09998
"109",316005971,-84.37763,46.50216
"110",368084090,-90.022,29.94925
"111",368140160,-87.14429,30.33475
"112",368195460,-122.33968,37.66145
"113",316005971,-84.37936,46.50244
"114",316004054,-84.37709,46.50207
"115",316004054,-84.37378,46.50176
"116",366863870,-72.35898,41.09658
"117",316005971,-84.37606,46.50198
"118",366941830,-94.79639,29.31021
"119",366941830,-94.7961,29.30947
"120",366863870,-72.35899,41.09005
"121",316004054,-84.3791,46.50239
"122",368195460,-122.34002,37.66495
"123",368084090,-90.02622,29.95096
"124",316005971,-84.3828,46.50228
"125",368084090,-90.03027,29.95235
"126",316005971,-84.38119,46.50243
"127",368195460,-122.33988,37.66317
"128",316004054,-84.37539,46.50188
"129",316005971,-84.37343,46.50175
"130",338379253,-117.89589,33.61996
"131",368140160,-87.1443,30.33475
"132",368195460,-122.34007,37.66762
"133",366863870,-72.35885,41.09454
"134",368118150,-122.32996,47.39787
"135",338379253,-117.8959,33.61997
"136",366941830,-94.7973,29.30987
"137",366863870,-72.35825,41.08752
"138",368118150,-122.32998,47.39786
"139",368084090,-90.02841,29.9517
"140",316005971,-84.38599,46.50178
"141",366941830,-94.79608,29.30958
"142",366941830,-94.7963,29.30986
"143",368195460,-122.33992,37.67017
"144",368084090,-90.02413,29.95013
"145",366863870,-72.35819,41.08759
"146",316004054,-84.38589,46.50186
"147",316004054,-84.3824,46.50247
"148",368084090,-90.03462,29.95371
"149",367614790,-157.87821,21.31669
"150",366863870,-72.35833,41.08805
"151",366941830,-94.79405,29.31074
"152",367614790,-157.87819,21.31672
"153",368118150,-122.32997,47.39789
"154",316004054,-84.38079,46.50261
"155",368195460,-122.33947,37.67305
"156",366941830,-94.7915,29.31193
"157",316004054,-84.38748,46.50158
"158",316005971,-84.39194,46.50033
"159",316005971,-84.38437,46.50205
"160",367614790,-157.8782,21.31671
"161",366941830,-94.79287,29.31123
"162",316005971,-84.39352,46.50004
"163",316005971,-84.39048,46.50077
"164",366863870,-72.35819,41.08758
"165",368084090,-90.04378,29.95667
"166",366863870,-72.35817,41.08752
"167",316004054,-84.38404,46.50227
"168",366941830,-94.79081,29.31214
"169",368084090,-90.03685,29.95448
"170",368084090,-90.04823,29.95723
"171",366863870,-72.35819,41.08758
"172",316005971,-84.38747,46.50148
"173",368084090,-90.0528,29.95696
"174",368084090,-90.03881,29.95503
"175",316004054,-84.39219,46.50027
"176",368118150,-122.32999,47.39789
"177",316004054,-84.38918,46.50106
"178",368195460,-122.33675,37.6835
"179",316005971,-84.39612,46.49926
"180",368084090,-90.05517,29.95665
"181",338379253,-117.89589,33.61997
"182",368195460,-122.33777,37.67948
"183",316005971,-84.38893,46.50111
"184",368084090,-90.05027,29.95719
"185",316004054,-84.39077,46.50078
"186",366941830,-94.78982,29.31339
"187",368195460,-122.33733,37.68102
"188",368084090,-90.04176,29.9559
"189",366941830,-94.79106,29.3121
"190",366863870,-72.3582,41.08757
"191",368084090,-90.03243,29.95301
"192",366863870,-72.35821,41.08752
"193",366863870,-72.35673,41.09311
"194",316005971,-84.39726,46.49913
"195",368195460,-122.33885,37.67552
"196",368195460,-122.3382,37.67808
"197",366941830,-94.78924,29.31426
"198",316004054,-84.3948,46.49982
"199",338379253,-117.8959,33.61998
"200",368084090,-90.04595,29.95707
"201",366941830,-94.79029,29.31268
"202",366863870,-72.35784,41.08891
"203",316004054,-84.39873,46.49933
"204",316004054,-84.39746,46.49907
"205",316004054,-84.3959,46.49925
"206",316004054,-84.39365,46.50004
"207",368084090,-90.05727,29.95643
"208",316005971,-84.3948,46.49965
"209",338379253,-117.89589,33.61997
"210",367614790,-157.8782,21.3167
"211",368084090,-90.06,29.95461
"212",316005971,-84.39847,46.49925
"213",316005971,-84.39927,46.49977
"214",368084090,-90.05894,29.95569
"215",368195460,-122.33618,37.6877
"216",368195460,-122.33648,37.68553
"217",368118150,-122.32998,47.39786
"218",366863870,-72.3569,41.09116
"219",316005971,-84.40013,46.50075
"220",366863870,-72.3615,41.10001
"221",368195460,-122.33585,37.6897
"222",368084090,-90.06042,29.94821
"223",366941830,-94.78752,29.31652
"224",316004054,-84.39925,46.49972
"225",368140160,-87.1443,30.33476
"226",366863870,-72.35874,41.09883
"227",367614790,-157.8782,21.31671
"228",316005971,-84.40091,46.50127
"229",368195460,-122.3354,37.69178
"230",368140160,-87.1443,30.33476
"231",316004054,-84.39939,46.50028
"232",368118150,-122.32996,47.39786
"233",338379253,-117.89589,33.61997
"234",316005971,-84.40056,46.50108
"235",366863870,-72.36149,41.09998
"236",316005971,-84.39979,46.50041
"237",368118150,-122.32996,47.39784
"238",368084090,-90.06035,29.95331
"239",316004054,-84.39929,46.50003
"240",367614790,-157.87819,21.31671
"241",366863870,-72.36149,41.09998
"242",366863870,-72.36069,41.09982
"243",368084090,-90.06039,29.94622
"244",368084090,-90.06042,29.95189
"245",316005971,-84.40137,46.5014
"246",368118150,-122.32998,47.39785
"247",368195460,-122.33565,37.69082
"248",316005971,-84.40035,46.50093
"249",316004054,-84.40022,46.50115
"250",367614790,-157.87819,21.31671
"251",368084090,-90.06043,29.95011
"252",366941830,-94.79527,29.31016
"253",368140160,-87.1443,30.33475
"254",316004054,-84.39991,46.50099
"255",368195460,-122.33423,37.69665
"256",368084090,-90.06049,29.94422
"257",316004054,-84.40061,46.50124
"258",368195460,-122.3351,37.6933
"259",316005971,-84.40238,46.50166
"260",366863870,-72.3596,41.09819
"261",316004054,-84.40157,46.50146
"262",368084090,-90.0602,29.93617
"263",316005971,-84.40288,46.50177
"264",366941830,-94.78607,29.31843
"265",366863870,-72.35929,41.09639
"266",366941830,-94.78631,29.31797
"267",368195460,-122.33258,37.70272
"268",366863870,-72.35901,41.09226
"269",316005971,-84.40203,46.5016
"270",316005971,-84.40306,46.50181
"271",316004054,-84.40101,46.50127
"272",368195460,-122.3322,37.7039
"273",316005971,-84.40303,46.5018
"274",368084090,-90.06037,29.94015
"275",368195460,-122.33345,37.69968
"276",366941830,-94.78612,29.3183
"277",316005971,-84.40324,46.50182
"278",368140160,-87.1443,30.33476
"279",316004054,-84.40176,46.50151
"280",338379253,-117.8959,33.61997
"281",366941830,-94.78609,29.3184
"282",368084090,-90.0605,29.94216
"283",366863870,-72.36148,41.10004
"284",368118150,-122.32993,47.39787
"285",338379253,-117.89591,33.61997
"286",368118150,-122.32993,47.3979
"287",368195460,-122.3329,37.70152
"288",368084090,-90.06034,29.93448
"289",316004054,-84.40166,46.50144
"290",366863870,-72.35819,41.08755
"291",368195460,-122.33113,37.70803
"292",368140160,-87.1443,30.33476
"293",368118150,-122.3299,47.39788
"294",368195460,-122.33087,37.71002
"295",316004054,-84.40183,46.50159
"296",368195460,-122.33077,37.71183
"297",366863870,-72.35912,41.09441
"298",368084090,-90.06457,29.92629
"299",368084090,-90.06326,29.92771
"300",316004054,-84.40168,46.50144
"301",316004054,-84.40182,46.5015
"302",368084090,-90.06073,29.93252
"303",366863870,-72.35824,41.08756
"304",367614790,-157.87821,21.31668
"305",367614790,-157.8782,21.31671
"306",316005971,-84.40324,46.50184
"307",316005971,-84.40323,46.50183
"308",368140160,-87.1443,30.33476
"309",367614790,-157.87821,21.31669
"310",316004054,-84.40176,46.50151
"311",316004054,-84.40179,46.50158
"312",368140160,-87.1443,30.33476
"313",368084090,-90.06923,29.92237
"314",366863870,-72.3582,41.08753
"315",368118150,-122.32993,47.39785
"316",316004054,-84.40177,46.50155
"317",368084090,-90.07318,29.92046
"318",368084090,-90.06757,29.92349
"319",368195460,-122.33027,37.71302
"320",368195460,-122.3315,37.70593
"321",316005971,-84.40323,46.50184
"322",316005971,-84.40325,46.50185
"323",368195460,-122.33182,37.71293
"324",366863870,-72.3582,41.08753
"325",316005971,-84.40322,46.50182
"326",368084090,-90.06135,29.9307
"327",368195460,-122.33695,37.71205
"328",366863870,-72.3588,41.09022
"329",366863870,-72.35815,41.08753
"330",368084090,-90.06605,29.92489
"331",316005971,-84.40316,46.50181
"332",316005971,-84.40326,46.50183
"333",316004054,-84.40175,46.50143
"334",368195460,-122.33857,37.71163
"335",368118150,-122.32993,47.39787
"336",368195460,-122.33277,37.71278
"337",366863870,-72.35823,41.08752
"338",316004054,-84.39963,46.50086
"339",338379253,-117.8959,33.61997
"340",366863870,-72.35823,41.08825
"341",338379253,-117.89591,33.61998
"342",367614790,-157.87822,21.31668
"343",316005971,-84.40322,46.50182
"344",316005971,-84.40315,46.50181
"345",366941830,-94.78608,29.3184
"346",316004054,-84.40178,46.50153
"347",338379253,-117.89591,33.61998
"348",316005971,-84.40322,46.50182
"349",316005971,-84.4032,46.50183
"350",316004054,-84.39611,46.50152
"351",367614790,-157.8782,21.31669
"352",367614790,-157.87822,21.31669
"353",316004054,-84.39296,46.50298
"354",316005971,-84.40322,46.50183
"355",368084090,-90.08296,29.91669
"356",368118150,-122.32995,47.39787
"357",368195460,-122.33528,37.71247
"358",316004054,-84.40117,46.50139
"359",316004054,-84.40178,46.50153
"360",316005971,-84.40324,46.50183
"361",316005971,-84.40325,46.50183
"362",367614790,-157.8782,21.31668
"363",366863870,-72.35765,41.08973
"364",366863870,-72.35701,41.09495
"365",368084090,-90.08505,29.91606
"366",368084090,-90.07887,29.9182
"367",366863870,-72.3582,41.08753
"368",366863870,-72.36064,41.09972
"369",366863870,-72.35748,41.09689
"370",366863870,-72.35864,41.09863
"371",368084090,-90.08918,29.91456
"372",366941830,-94.78873,29.31518
"373",368140160,-87.1443,30.33476
"374",366863870,-72.35821,41.08752
"375",366863870,-72.35687,41.09439
"376",368084090,-90.08091,29.91735
"377",367614790,-157.87821,21.3167
"378",366863870,-72.3615,41.09996
"379",368084090,-90.0935,29.91324
"380",316005971,-84.40328,46.50186
"381",316004054,-84.3869,46.50656
"382",316005971,-84.40326,46.50187
"383",368084090,-90.09129,29.9139
"384",366941830,-94.78606,29.31841
"385",316004054,-84.40178,46.50152
"386",316004054,-84.38075,46.51
"387",368118150,-122.32996,47.39789
"388",366941830,-94.78804,29.31592
"389",366941830,-94.78605,29.31839
"390",368084090,-90.07514,29.91965
"391",368118150,-122.32996,47.39785
"392",366863870,-72.36153,41.10002
"393",366941830,-94.78607,29.31842
"394",367614790,-157.87819,21.31674
"395",316005971,-84.40325,46.50184
"396",368084090,-90.08709,29.91532
"397",368084090,-90.10215,29.91127
"398",368084090,-90.0977,29.91187
"399",366941830,-94.787,29.31709
"400",368140160,-87.1443,30.33476
"401",366863870,-72.35931,41.09789
"402",316005971,-84.40327,46.50186
"403",316005971,-84.40324,46.50184
"404",366941830,-94.7861,29.31843
"405",316005971,-84.40326,46.50183
"406",368084090,-90.09993,29.9115
"407",316004054,-84.39954,46.50062
"408",368195460,-122.33477,37.69465
"409",366863870,-72.36145,41.09999
"410",368140160,-87.1443,30.33476
"411",368140160,-87.1443,30.33476
"412",366941830,-94.78607,29.31838
"413",368118150,-122.32995,47.39791
"414",366863870,-72.35887,41.09379
"415",367614790,-157.87822,21.31668
"416",368084090,-90.09557,29.9125
"417",366863870,-72.3572,41.09651
"418",316005971,-84.40322,46.5018
"419",366941830,-94.78606,29.31842
"420",366941830,-94.78608,29.3184
"421",368084090,-90.10665,29.91077
"422",316004054,-84.37283,46.5143
"423",366863870,-72.36149,41.10001
"424",316004054,-84.38993,46.50475
"425",316005971,-84.40173,46.5015
"426",316004054,-84.37237,46.51468
"427",316005971,-84.40321,46.50183
"428",368084090,-90.11575,29.91052
"429",366863870,-72.35899,41.09151
"430",316004054,-84.38392,46.50835
"431",368118150,-122.32994,47.39789
"432",366863870,-72.36149,41.10001
"433",368118150,-122.32995,47.39784
"434",366863870,-72.36035,41.09969
"435",316005971,-84.40324,46.50182
"436",368084090,-90.10443,29.91105
"437",366863870,-72.35913,41.09595
"438",366941830,-94.78308,29.3187
"439",368084090,-90.06014,29.93815
"440",368084090,-90.12255,29.91144
"441",366863870,-72.35818,41.08754
"442",366941830,-94.77923,29.32303
"443",366863870,-72.35818,41.08752
"444",316004054,-84.37441,46.51324
"445",368118150,-122.32992,47.39787
"446",368084090,-90.10886,29.91051
"447",367614790,-157.87823,21.31669
"448",338379253,-117.89591,33.61996
"449",367614790,-157.87821,21.31671
"450",368084090,-90.11811,29.91054
"451",366863870,-72.35847,41.08927
"452",316005971,-84.40324,46.50182
"453",368084090,-90.11113,29.91042
"454",316005971,-84.40325,46.50184
"455",368084090,-90.13158,29.91346
"456",366941830,-94.78489,29.31794
"457",366863870,-72.35821,41.08752
"458",316005971,-84.40322,46.50185
"459",368118150,-122.32994,47.39787
"460",366863870,-72.35821,41.08755
"461",366863870,-72.35821,41.08756
"462",366863870,-72.3573,41.09275
"463",338379253,-117.89591,33.61997
"464",366941830,-94.78146,29.31983
"465",316005971,-84.40323,46.50182
"466",368084090,-90.12961,29.91282
"467",316005971,-84.40324,46.50183
"468",366863870,-72.35801,41.0888
"469",368118150,-122.32993,47.39788
"470",368084090,-90.12028,29.91096
"471",316005971,-84.40325,46.50184
"472",366941830,-94.78613,29.31833
"473",366941830,-94.77662,29.34021
"474",366941830,-94.78002,29.32142
"475",366941830,-94.77598,29.33466
"476",367614790,-157.87821,21.31669
"477",316005971,-84.40323,46.50183
"478",368140160,-87.1443,30.33476
"479",366941830,-94.77675,29.33282
"480",368084090,-90.13516,29.91534
"481",316005971,-84.40323,46.50184
"482",368084090,-90.12488,29.91192
"483",368084090,-90.06206,29.92922
"484",338379253,-117.8959,33.61997
"485",368118150,-122.32995,47.39789
"486",366863870,-72.35741,41.09485
"487",368195460,-122.331,37.70905
"488",368140160,-87.1443,30.33476
"489",368118150,-122.32997,47.39786
"490",366863870,-72.36067,41.09977
"491",316005971,-84.40325,46.50184
"492",316005971,-84.40321,46.50182
"493",368084090,-90.13688,29.92415
"494",366941830,-94.77557,29.33664
"495",366941830,-94.77567,29.33859
"496",316005971,-84.40323,46.50183
"497",316005971,-84.40325,46.50184
"498",338379253,-117.89592,33.61997
"499",366941830,-94.77736,29.33092
"500",316004054,-84.40179,46.50157
"501",366863870,-72.36149,41.09998
"502",366863870,-72.35817,41.08753
"503",316005971,-84.40323,46.50182
"504",368084090,-90.12726,29.91229
"505",366941830,-94.77867,29.32534
"506",366941830,-94.77828,29.32711
"507",366941830,-94.78533,29.34805
"508",366941830,-94.78931,29.35051
"509",368140160,-87.1443,30.33476
"510",368140160,-87.1443,30.33476
"511",366941830,-94.77782,29.32905
"512",368118150,-122.32989,47.39789
"513",368084090,-90.13651,29.92028
"514",368084090,-90.13355,29.91427
"515",366863870,-72.3587,41.09873
"516",368118150,-122.32993,47.39788
"517",338379253,-117.89591,33.61999
"518",367614790,-157.8782,21.31669
"519",368140160,-87.1443,30.33476
"520",316005971,-84.40323,46.50182
"521",366941830,-94.7798,29.34345
"522",367614790,-157.8782,21.31669
"523",368140160,-87.1443,30.33476
"524",368084090,-90.13716,29.92789
"525",368084090,-90.13668,29.92219
"526",366863870,-72.35888,41.09289
"527",338379253,-117.8959,33.61998
"528",367614790,-157.8782,21.31669
"529",368195460,-122.35832,37.73945
"530",316005971,-84.40325,46.50184
"531",368084090,-90.13938,29.94347
"532",366863870,-72.3615,41.1
"533",366863870,-72.35939,41.09681
"534",366863870,-72.36147,41.09998
"535",368084090,-90.13705,29.92589
"536",366941830,-94.79377,29.35289
"537",368195460,-122.35935,37.74125
"538",316005971,-84.40323,46.50184
"539",368140160,-87.1443,30.33476
"540",366863870,-72.36078,41.0998
"541",316005971,-84.40324,46.50185
"542",366863870,-72.35819,41.08756
"543",366941830,-94.79154,29.35172
"544",368084090,-90.13732,29.93563
"545",368084090,-90.13705,29.92985
"546",368140160,-87.1443,30.33476
"547",368118150,-122.32992,47.39787
"548",366863870,-72.3615,41.09997
"549",316005971,-84.40324,46.50184
"550",367614790,-157.87821,21.31669
"551",366863870,-72.35902,41.09489
"552",338379253,-117.8959,33.61998
"553",367614790,-157.8782,21.31669
"554",316005971,-84.40326,46.50187
"555",316005971,-84.40323,46.50183
"556",368084090,-90.13701,29.9319
"557",368084090,-90.13857,29.94154
"558",366863870,-72.35971,41.0986
"559",368140160,-87.1443,30.33476
"560",368195460,-122.35802,37.7385
"561",367614790,-157.87819,21.31668
"562",368084090,-90.14372,29.95289
"563",366941830,-94.79819,29.35506
"564",366941830,-94.81097,29.36077
"565",368118150,-122.3299,47.39789
"566",338379253,-117.89592,33.61999
"567",366863870,-72.35817,41.08777
"568",366863870,-72.35881,41.09075
"569",368084090,-90.14185,29.94908
"570",316005971,-84.40322,46.50182
"571",316005971,-84.40324,46.50185
"572",368084090,-90.07683,29.91894
"573",368118150,-122.32991,47.3979
"574",366941830,-94.80674,29.35879
"575",338379253,-117.89592,33.61998
"576",366863870,-72.35817,41.08749
"577",368084090,-90.14275,29.95106
"578",316005971,-84.40321,46.5018
"579",367614790,-157.8782,21.31669
"580",368195460,-122.36062,37.74293
"581",366941830,-94.80459,29.35789
"582",366941830,-94.78741,29.3494
"583",368084090,-90.13713,29.9339
"584",316005971,-84.40325,46.50183
"585",366863870,-72.35819,41.08751
"586",368140160,-87.1443,30.33476
"587",368195460,-122.36335,37.74652
"588",368140160,-87.1443,30.33476
"589",366863870,-72.35689,41.0923
"590",368084090,-90.14903,29.95536
"591",316005971,-84.40324,46.50184
"592",368084090,-90.14739,29.95551
"593",366863870,-72.35823,41.08754
"594",368084090,-90.13752,29.93763
"595",368084090,-90.15402,29.95298
"596",368195460,-122.36673,37.75048
"597",368195460,-122.36198,37.74472
"598",366941830,-94.80895,29.35972
"599",368195460,-122.36743,37.75137
"600",368118150,-122.32993,47.39791
"601",368195460,-122.36267,37.7456
"602",366863870,-72.35818,41.08754
"603",338379253,-117.89592,33.61999
"604",368084090,-90.14577,29.955
"605",316005971,-84.40323,46.50184
"606",368084090,-90.13796,29.93962
"607",366941830,-94.80247,29.35699
"608",368195460,-122.36002,37.74208
"609",368195460,-122.36592,37.74962
"610",366941830,-94.81972,29.36469
"611",368140160,-87.1443,30.33476
"612",368084090,-90.14499,29.95445
"613",366863870,-72.35817,41.08756
"614",368140160,-87.1443,30.33476
"615",368195460,-122.36408,37.74742
"616",366863870,-72.35757,41.09721
"617",366941830,-94.82842,29.36846
"618",316005971,-84.40326,46.50184
"619",368118150,-122.32984,47.39789
"620",366941830,-94.82183,29.36569
"621",366941830,-94.80044,29.35608
"622",366941830,-94.8262,29.36753
"623",368084090,-90.1403,29.94538
"624",368084090,-90.15603,29.95241
"625",368140160,-87.1443,30.33476
"626",366941830,-94.81757,29.36376
"627",366941830,-94.83072,29.36918
"628",367614790,-157.87821,21.31669
"629",366941830,-94.82405,29.36659
"630",368195460,-122.3685,37.75267
"631",366863870,-72.35783,41.08884
"632",316005971,-84.40323,46.50183
"633",367614790,-157.8782,21.31669
"634",366863870,-72.35697,41.09078
"635",316005971,-84.40323,46.50183
"636",368118150,-122.32988,47.39788
"637",368118150,-122.32994,47.39789
"638",367614790,-157.87821,21.31668
"639",368195460,-122.36128,37.74382
"640",316005971,-84.40323,46.50183
"641",316005971,-84.40324,46.50182
"642",368084090,-90.16307,29.9494
"643",368118150,-122.3299,47.39787
"644",316005971,-84.40322,46.50183
"645",368118150,-122.32987,47.39794
"646",366863870,-72.3615,41.10001
"647",316005971,-84.40323,46.50183
"648",366941830,-94.81572,29.36297
"649",366863870,-72.35819,41.08758
"650",366863870,-72.36148,41.09997
"651",368084090,-90.15974,29.95126
"652",316005971,-84.40321,46.50183
"653",316005971,-84.40323,46.50184
"654",366941830,-94.84188,29.37234
"655",368195460,-122.37313,37.75777
"656",366941830,-94.8136,29.36212
"657",368195460,-122.36515,37.74872
"658",368195460,-122.37457,37.75935
"659",367614790,-157.87821,21.31669
"660",366863870,-72.35902,41.09896
"661",368084090,-90.16128,29.95044
"662",368084090,-90.16783,29.94556
"663",368140160,-87.1443,30.33476
"664",368084090,-90.1522,29.95371
"665",366941830,-94.84396,29.37277
"666",338379253,-117.89592,33.61999
"667",368084090,-90.1743,29.94028
"668",366863870,-72.3615,41.09999
"669",368140160,-87.1443,30.33476
"670",366941830,-94.83501,29.37045
"671",366863870,-72.35667,41.09335
"672",368084090,-90.17263,29.94157
"673",366863870,-72.3615,41.1
"674",368140160,-87.1443,30.33476
"675",368118150,-122.32995,47.39787
"676",316005971,-84.40322,46.50185
"677",366863870,-72.357,41.09526
"678",368084090,-90.16625,29.94694
"679",367614790,-157.8782,21.31669
"680",366863870,-72.35947,41.099
"681",368140160,-87.1443,30.33476
"682",368084090,-90.17596,29.93901
"683",366941830,-94.85133,29.3743
"684",368084090,-90.17772,29.93756
"685",316005971,-84.40327,46.50185
"686",368195460,-122.37043,37.75485
"687",366863870,-72.36085,41.0998
"688",316005971,-84.40323,46.50185
"689",368084090,-90.17945,29.93633
"690",368195460,-122.36963,37.75397
"691",316005971,-84.40321,46.50182
"692",368195460,-122.376,37.76785
"693",366863870,-72.359,41.09523
"694",368118150,-122.32996,47.39787
"695",366941830,-94.84642,29.37332
"696",366941830,-94.85934,29.37619
"697",368118150,-122.32988,47.39787
"698",366863870,-72.36096,41.09986
"699",366941830,-94.8488,29.37382
"700",368195460,-122.37513,37.7623
"701",316005971,-84.40322,46.50185
"702",316005971,-84.40322,46.50182
"703",366863870,-72.35856,41.09065
"704",368195460,-122.37633,37.76888
"705",367614790,-157.8782,21.31669
"706",366941830,-94.83273,29.36979
"707",366941830,-94.864,29.37721
"708",366863870,-72.36153,41.1
"709",366863870,-72.36146,41.10002
"710",316004054,-84.37757,46.51167
"711",366863870,-72.35819,41.08755
"712",368195460,-122.3767,37.77037
"713",368195460,-122.37645,37.76952
"714",368195460,-122.37568,37.7656
"715",316005971,-84.40322,46.50184
"716",368140160,-87.1443,30.33476
"717",368118150,-122.32987,47.39787
"718",366941830,-94.83706,29.37105
"719",338379253,-117.89593,33.61998
"720",367614790,-157.87819,21.31669
"721",316005971,-84.40322,46.50184
"722",368084090,-90.171,29.94291
"723",368195460,-122.37838,37.77235
"724",368195460,-122.3751,37.76072
"725",366863870,-72.36149,41.09997
"726",366863870,-72.35819,41.08754
"727",366941830,-94.85683,29.37574
"728",368084090,-90.19198,29.92918
"729",316005971,-84.40323,46.50182
"730",316005971,-84.40321,46.50183
"731",368084090,-90.18943,29.93064
"732",366941830,-94.86908,29.37593
"733",366941830,-94.87029,29.37629
"734",366863870,-72.35819,41.08754
"735",368084090,-90.19589,29.92698
"736",366863870,-72.35887,41.09285
"737",366941830,-94.87013,29.37634
"738",367614790,-157.87818,21.31668
"739",316005971,-84.40324,46.50183
"740",316005971,-84.40326,46.50182
"741",368140160,-87.1443,30.33476
"742",367614790,-157.87821,21.31669
"743",366941830,-94.86147,29.37666
"744",366863870,-72.35912,41.09722
"745",366863870,-72.35674,41.09068
"746",316005971,-84.40322,46.50185
"747",366863870,-72.35789,41.08874
"748",368084090,-90.18497,29.93342
"749",366941830,-94.87025,29.37638
"750",368084090,-90.18676,29.93225
"751",366941830,-94.86642,29.3774
"752",368195460,-122.38272,37.77595
"753",366941830,-94.85437,29.37524
"754",316005971,-84.40322,46.50183
"755",316005971,-84.40325,46.50184
"756",366863870,-72.35662,41.09503
"757",366941830,-94.86934,29.37659
"758",368084090,-90.20371,29.92379
"759",316005971,-84.40321,46.50184
"760",367614790,-157.87821,21.31669
"761",366863870,-72.35817,41.08868
"762",316005971,-84.40323,46.50184
"763",368140160,-87.1443,30.33476
"764",366863870,-72.35725,41.09708
"765",366863870,-72.35887,41.09893
"766",368084090,-90.20768,29.92383
"767",368084090,-90.20574,29.92371
"768",368084090,-90.18321,29.93457
"769",368084090,-90.2109,29.92508
"770",316005971,-84.40322,46.50182
"771",338379253,-117.89591,33.61999
"772",366863870,-72.35819,41.08752
"773",316005971,-84.40321,46.50183
"774",368195460,-122.37758,37.77157
"775",366941830,-94.86821,29.37694
"776",366863870,-72.36003,41.09954
"777",366941830,-94.7861,29.31838
"778",366941830,-94.8678,29.37589
"779",368195460,-122.38467,37.78013
"780",316005971,-84.40324,46.50183
"781",368118150,-122.32989,47.39791
"782",367614790,-157.8782,21.31669
"783",368084090,-90.20942,29.92423
"784",367614790,-157.8782,21.31669
"785",366863870,-72.36092,41.09983
"786",366863870,-72.35818,41.08752
"787",368118150,-122.33003,47.39781
"788",368195460,-122.38572,37.77772
"789",316005971,-84.40324,46.50183
"790",368084090,-90.19794,29.92593
"791",368140160,-87.1443,30.33476
"792",316005971,-84.40323,46.50182
"793",368195460,-122.38057,37.77507
"794",368084090,-90.19391,29.92799
"795",366941830,-94.87025,29.37611
"796",368195460,-122.38482,37.77705
"797",338379253,-117.8959,33.61998
"798",366941830,-94.86804,29.37627
"799",316005971,-84.40323,46.50181
"800",316005971,-84.40324,46.50182
"801",368140160,-87.1443,30.33476
"802",366941830,-94.78609,29.31839
"803",366863870,-72.3615,41.1
"804",316005971,-84.40322,46.50181
"805",366941830,-94.87024,29.37613
"806",368118150,-122.32994,47.39788
"807",338379253,-117.89592,33.61998
"808",368084090,-90.19968,29.92498
"809",368084090,-90.21856,29.93578
"810",368140160,-87.1443,30.33476
"811",366863870,-72.36152,41.10003
"812",366941830,-94.86781,29.37584
"813",368195460,-122.38485,37.78085
"814",368195460,-122.38593,37.7808
"815",368084090,-90.21339,29.92789
"816",316005971,-84.40322,46.50182
"817",366941830,-94.8702,29.37611
"818",368118150,-122.32991,47.39789
"819",367614790,-157.87818,21.31669
"820",366941830,-94.86983,29.37628
"821",366941830,-94.87025,29.37612
"822",368084090,-90.20161,29.92413
"823",316005971,-84.40322,46.50182
"824",368084090,-90.21446,29.9295
"825",338379253,-117.89589,33.61999
"826",366941830,-94.86782,29.37588
"827",316005971,-84.40321,46.50181
"828",368140160,-87.1443,30.33476
"829",367614790,-157.87821,21.3167
"830",368195460,-122.38487,37.77877
"831",316005971,-84.40326,46.50181
"832",368084090,-90.22008,29.93935
"833",316005971,-84.40326,46.50183
"834",368084090,-90.11347,29.91043
"835",368118150,-122.32989,47.39791
"836",368140160,-87.1443,30.33476
"837",366863870,-72.35819,41.08752
"838",316005971,-84.40324,46.50182
"839",366863870,-72.35917,41.0985
"840",367614790,-157.87823,21.31668
"841",366941830,-94.86782,29.37584
"842",316005971,-84.40324,46.50181
"843",316005971,-84.40323,46.50183
"844",366863870,-72.35818,41.08769
"845",316005971,-84.40326,46.50187
"846",366863870,-72.36149,41.1
"847",366863870,-72.35818,41.0889
"848",368084090,-90.22145,29.94315
"849",368084090,-90.2193,29.93755
"850",338379253,-117.89588,33.62
"851",338379253,-117.8959,33.62
"852",316005971,-84.40322,46.50182
"853",366941830,-94.86955,29.37674
"854",368084090,-90.22728,29.95468
"855",316005971,-84.40322,46.50182
"856",338379253,-117.89591,33.61998
"857",366941830,-94.86791,29.376
"858",368195460,-122.38568,37.78068
"859",368118150,-122.32997,47.39793
"860",366941830,-94.8702,29.37607
"861",368084090,-90.2244,29.95068
"862",316005971,-84.40322,46.50183
"863",366863870,-72.35916,41.09485
"864",316005971,-84.40325,46.50184
"865",316005971,-84.40322,46.50178
"866",368084090,-90.21545,29.93116
"867",316005971,-84.40321,46.50182
"868",338379253,-117.8959,33.62
"869",368195460,-122.38568,37.78067
"870",368084090,-90.23395,29.96089
"871",366863870,-72.35876,41.09082
"872",368195460,-122.3857,37.78068
"873",366941830,-94.86959,29.37648
"874",366941830,-94.86975,29.37615
"875",338379253,-117.89591,33.61999
"876",366863870,-72.35814,41.08812
"877",366941830,-94.87022,29.37613
"878",368084090,-90.22279,29.94704
"879",368084090,-90.23569,29.96231
"880",367614790,-157.87821,21.31668
"881",366941830,-94.86887,29.3768
"882",368084090,-90.22867,29.95623
"883",366863870,-72.35727,41.09015
"884",338379253,-117.89592,33.61999
"885",316005971,-84.40326,46.50184
"886",368084090,-90.23231,29.9595
"887",368084090,-90.21778,29.9341
"888",368118150,-122.32999,47.3979
"889",368118150,-122.32995,47.39791
"890",338379253,-117.89589,33.61997
"891",366941830,-94.86972,29.37602
"892",366863870,-72.35894,41.09676
"893",366941830,-94.87022,29.37606
"894",316005971,-84.40324,46.50183
"895",368118150,-122.32999,47.39788
"896",368118150,-122.32991,47.39794
"897",366863870,-72.36149,41.09999
"898",316005971,-84.40328,46.50182
"899",366863870,-72.35816,41.08758
"900",367614790,-157.87819,21.3167
"901",316005971,-84.40323,46.50182
"902",366863870,-72.35818,41.08758
"903",368084090,-90.24658,29.96766
"904",367614790,-157.87818,21.3167
"905",316005971,-84.40325,46.50181
"906",368195460,-122.38568,37.78067
"907",366863870,-72.35729,41.09076
"908",316005971,-84.40324,46.50185
"909",316005971,-84.40324,46.50184
"910",366941830,-94.86958,29.37569
"911",368084090,-90.13602,29.91678
"912",367614790,-157.87818,21.31669
"913",366863870,-72.35769,41.09674
"914",368084090,-90.13632,29.91846
"915",368118150,-122.32994,47.39796
"916",366941830,-94.86956,29.37567
"917",368084090,-90.23095,29.95824
"918",366863870,-72.35821,41.08764
"919",366863870,-72.35821,41.08756
"920",338379253,-117.8959,33.61998
"921",366941830,-94.8688,29.37703
"922",366941830,-94.86868,29.37688
"923",366863870,-72.35864,41.0966
"924",368084090,-90.22213,29.94512
"925",316005971,-84.40324,46.50183
"926",368140160,-87.14431,30.33475
"927",366863870,-72.36148,41.09999
"928",366941830,-94.86962,29.37578
"929",368084090,-90.22342,29.94896
"930",316005971,-84.40328,46.50184
"931",366863870,-72.35631,41.09482
"932",366863870,-72.35724,41.09696
"933",366863870,-72.36123,41.09994
"934",366941830,-94.86952,29.37656
"935",366941830,-94.86964,29.37569
"936",368084090,-90.2253,29.95213
"937",316005971,-84.40325,46.50185
"938",366863870,-72.3582,41.08754
"939",316005971,-84.40323,46.50183
"940",316005971,-84.40322,46.50182
"941",368084090,-90.23744,29.96366
"942",338379253,-117.89591,33.61999
"943",368084090,-90.23923,29.96483
"944",367614790,-157.87819,21.31669
"945",368118150,-122.32998,47.39791
"946",368140160,-87.1443,30.33476
"947",368084090,-90.24248,29.96672
"948",367614790,-157.87818,21.31669
"949",366941830,-94.86957,29.37566
"950",368084090,-90.25757,29.96805
"951",368140160,-87.14431,30.33475
"952",366941830,-94.77826,29.34179
"953",366863870,-72.35781,41.08923
"954",366863870,-72.3563,41.0926
"955",368084090,-90.24421,29.96725
"956",316005971,-84.40325,46.50184
"957",366863870,-72.36149,41.09998
"958",338379253,-117.8959,33.61998
"959",316005971,-84.40326,46.50184
"960",366863870,-72.35823,41.08772
"961",366863870,-72.35821,41.08757
"962",368084090,-90.24876,29.96786
"963",316005971,-84.40323,46.50183
"964",366941830,-94.8696,29.37598
"965",366863870,-72.35973,41.09891
"966",367614790,-157.87819,21.31669
"967",316005971,-84.40322,46.50185
"968",316005971,-84.40325,46.50181
"969",368118150,-122.32999,47.39791
"970",367614790,-157.87819,21.3167
"971",366863870,-72.36063,41.09973
"972",366863870,-72.3582,41.08757
"973",316005971,-84.40321,46.50184
"974",368140160,-87.1443,30.33476
"975",316005971,-84.40323,46.50183
"976",316005971,-84.40327,46.50181
"977",316005971,-84.40327,46.50186
"978",367614790,-157.8782,21.31669
"979",366863870,-72.35777,41.09149
"980",368084090,-90.27043,29.96682
"981",368140160,-87.14431,30.33475
"982",366941830,-94.78149,29.34506
"983",366863870,-72.35821,41.08756
"984",316005971,-84.40322,46.50182
"985",366941830,-94.78335,29.34661
"986",366941830,-94.86943,29.37591
"987",316005971,-84.40324,46.50184
"988",366941830,-94.86925,29.37683
"989",366941830,-94.86947,29.37592
"990",366941830,-94.86962,29.37611
"991",367614790,-157.87819,21.31669
"992",316005971,-84.40325,46.50184
"993",316005971,-84.40321,46.50182
"994",316005971,-84.40322,46.50179
"995",366863870,-72.35821,41.08753
"996",366941830,-94.86766,29.37734
"997",366941830,-94.8695,29.37607
"998",368140160,-87.14431,30.33475
"999",366941830,-94.86949,29.37625
"1000",368118150,-122.32993,47.39795
"1001",368084090,-90.27257,29.96643
"1002",368118150,-122.32996,47.39793
"1003",366941830,-94.86943,29.37592
"1004",366863870,-72.36147,41.09999
"1005",368084090,-90.26617,29.96729
"1006",316005971,-84.40327,46.50186
"1007",368084090,-90.26831,29.96709
"1008",366941830,-94.86948,29.37594
"1009",367614790,-157.87819,21.31669
"1010",366941830,-94.87575,29.37989
"1011",366941830,-94.86944,29.37594
"1012",316005971,-84.40323,46.50183
"1013",368084090,-90.25541,29.96815
"1014",316005971,-84.40323,46.50181
"1015",316005971,-84.40322,46.50184
"1016",338379253,-117.8959,33.62
"1017",316005971,-84.40327,46.50181
"1018",368084090,-90.27885,29.96458
"1019",316005971,-84.40324,46.50181
"1020",367614790,-157.87819,21.31669
"1021",316005971,-84.40327,46.50183
"1022",366941830,-94.87103,29.37848
"1023",368084090,-90.27469,29.96587
"1024",316005971,-84.40324,46.50183
"1025",368118150,-122.33001,47.39792
"1026",366941830,-94.86815,29.37713
"1027",366941830,-94.87805,29.38037
"1028",316005971,-84.40323,46.50182
"1029",368084090,-90.29433,29.95884
"1030",368084090,-90.26182,29.96745
"1031",368084090,-90.27674,29.9653
"1032",338379253,-117.89592,33.61999
"1033",368084090,-90.25092,29.96804
"1034",367614790,-157.87819,21.31668
"1035",368084090,-90.26399,29.9673
"1036",316005971,-84.40326,46.50182
"1037",366941830,-94.88037,29.38072
"1038",368084090,-90.2925,29.95982
"1039",366941830,-94.8693,29.37667
"1040",316005971,-84.40323,46.50184
"1041",338379253,-117.89592,33.61999
"1042",316005971,-84.40326,46.50184
"1043",316005971,-84.40325,46.50181
"1044",368084090,-90.28358,29.96304
"1045",368118150,-122.33001,47.39789
"1046",368140160,-87.14431,30.33475
"1047",368118150,-122.32994,47.39796
"1048",316005971,-84.40323,46.50186
"1049",368084090,-90.25972,29.96776
"1050",368118150,-122.32995,47.39792
"1051",366941830,-94.86966,29.37616
"1052",367614790,-157.87819,21.31667
"1053",316005971,-84.40326,46.50182
"1054",368140160,-87.14431,30.33475
"1055",366863870,-72.35821,41.08756
"1056",368084090,-90.29963,29.9538
"1057",338379253,-117.89591,33.61999
"1058",367614790,-157.87818,21.3167
"1059",366941830,-94.86951,29.37599
