<metadata xml:lang="en">
	<dataIdInfo>
		<envirDesc>Microsoft Windows XP Version 5.1 (Build 2600) Service Pack 2; ESRI ArcGIS 10.0.0.2414</envirDesc>
		<dataLang>
			<languageCode value="eng" country="USA"/>
			<countryCode value="USA"/>
		</dataLang>
		<idCitation>
			<resTitle>GISLibrary.DBO.historical_transit_routes</resTitle>
			<presForm>
				<PresFormCd value="005"/>
			</presForm>
		</idCitation>
		<descKeys>
			<thesaName uuidref="723f6998-058e-11dc-8314-0800200c9a66"/>
			<keyword>002</keyword>
		</descKeys>
		<spatRpType>
			<SpatRepTypCd value="001"/>
		</spatRpType>
	</dataIdInfo>
	<mdLang>
		<languageCode value="eng"/>
		<countryCode value="USA"/>
	</mdLang>
	<distInfo>
		<distFormat>
			<formatName>SDE Feature Class</formatName>
		</distFormat>
		<distTranOps>
			<transSize Sync="TRUE">0.000</transSize>
		</distTranOps>
	</distInfo>
	<mdHrLv>
		<ScopeCd value="005"/>
	</mdHrLv>
	<mdHrLvName>dataset</mdHrLvName>
	<refSysInfo>
		<RefSystem>
			<refSysID>
				<identCode code="26915"/>
				<idCodeSpace>EPSG</idCodeSpace>
				<idVersion>7.4.1</idVersion>
			</refSysID>
		</RefSystem>
	</refSysInfo>
	<spdoinfo>
		<ptvctinf>
			<esriterm Name="HistoricalTransitRoutes">
				<efeatyp Sync="TRUE">Simple</efeatyp>
				<efeageom code="3" Sync="TRUE"/>
				<esritopo Sync="TRUE">FALSE</esritopo>
				<efeacnt Sync="TRUE">0</efeacnt>
				<spindex Sync="TRUE">FALSE</spindex>
				<linrefer Sync="TRUE">FALSE</linrefer>
			</esriterm>
		</ptvctinf>
	</spdoinfo>
	<spatRepInfo>
		<VectSpatRep>
			<geometObjs Name="HistoricalTransitRoutes">
				<geoObjTyp>
					<GeoObjTypCd value="002" Sync="TRUE"/>
				</geoObjTyp>
				<geoObjCnt Sync="TRUE">0</geoObjCnt>
			</geometObjs>
			<topLvl>
				<TopoLevCd value="001" Sync="TRUE"/>
			</topLvl>
		</VectSpatRep>
	</spatRepInfo>
	<eainfo>
		<detailed Name="HistoricalTransitRoutes">
			<enttyp>
				<enttypl>GISLibrary.DBO.historical_transit_routes</enttypl>
				<enttypt Sync="TRUE">Feature Class</enttypt>
				<enttypc Sync="TRUE">0</enttypc>
			</enttyp>
			<attr>
				<attrlabl Sync="TRUE">FID</attrlabl>
				<attalias Sync="TRUE">FID</attalias>
				<attrtype Sync="TRUE">OID</attrtype>
				<attwidth Sync="TRUE">4</attwidth>
				<atprecis Sync="TRUE">0</atprecis>
				<attscale Sync="TRUE">0</attscale>
				<attrdef Sync="TRUE">Internal feature number.</attrdef>
				<attrdefs Sync="TRUE">Esri</attrdefs>
				<attrdomv>
					<udom Sync="TRUE">Sequential unique whole numbers that are automatically generated.</udom>
				</attrdomv>
			</attr>
			<attr>
				<attrlabl>ID</attrlabl>
				<attalias Sync="TRUE">ID</attalias>
				<attrtype Sync="TRUE">Integer</attrtype>
				<attwidth Sync="TRUE">10</attwidth>
				<atprecis Sync="TRUE">10</atprecis>
				<attscale Sync="TRUE">0</attscale>
			</attr>
			<attr>
				<attrlabl>TYPE</attrlabl>
				<attalias Sync="TRUE">TYPE</attalias>
				<attrtype Sync="TRUE">String</attrtype>
				<attwidth Sync="TRUE">40</attwidth>
				<atprecis Sync="TRUE">0</atprecis>
				<attscale Sync="TRUE">0</attscale>
			</attr>
			<attr>
				<attrlabl>CORRIDOR</attrlabl>
				<attalias Sync="TRUE">CORRIDOR</attalias>
				<attrtype Sync="TRUE">String</attrtype>
				<attwidth Sync="TRUE">20</attwidth>
				<atprecis Sync="TRUE">0</atprecis>
				<attscale Sync="TRUE">0</attscale>
			</attr>
			<attr>
				<attrlabl>YR_START1</attrlabl>
				<attalias Sync="TRUE">YR_START1</attalias>
				<attrtype Sync="TRUE">Integer</attrtype>
				<attwidth Sync="TRUE">10</attwidth>
				<atprecis Sync="TRUE">10</atprecis>
				<attscale Sync="TRUE">0</attscale>
			</attr>
			<attr>
				<attrlabl>YR_END1</attrlabl>
				<attalias Sync="TRUE">YR_END1</attalias>
				<attrtype Sync="TRUE">Integer</attrtype>
				<attwidth Sync="TRUE">10</attwidth>
				<atprecis Sync="TRUE">10</atprecis>
				<attscale Sync="TRUE">0</attscale>
			</attr>
			<attr>
				<attrlabl>YR_START2</attrlabl>
				<attalias Sync="TRUE">YR_START2</attalias>
				<attrtype Sync="TRUE">Integer</attrtype>
				<attwidth Sync="TRUE">10</attwidth>
				<atprecis Sync="TRUE">10</atprecis>
				<attscale Sync="TRUE">0</attscale>
			</attr>
			<attr>
				<attrlabl>PRIV_ROW</attrlabl>
				<attalias Sync="TRUE">PRIV_ROW</attalias>
				<attrtype Sync="TRUE">String</attrtype>
				<attwidth Sync="TRUE">5</attwidth>
				<atprecis Sync="TRUE">0</atprecis>
				<attscale Sync="TRUE">0</attscale>
			</attr>
			<attr>
				<attrlabl>Shape</attrlabl>
				<attrdef>Feature geometry.</attrdef>
				<attrdefs>ESRI</attrdefs>
				<attrdomv>
					<udom>Coordinates defining the features.</udom>
				</attrdomv>
				<attalias Sync="TRUE">Shape</attalias>
				<attrtype Sync="TRUE">Geometry</attrtype>
				<attwidth Sync="TRUE">0</attwidth>
				<atprecis Sync="TRUE">0</atprecis>
				<attscale Sync="TRUE">0</attscale>
			</attr>
			<attr>
				<attrlabl Sync="TRUE">Shape_Leng</attrlabl>
				<attalias Sync="TRUE">Shape_Leng</attalias>
				<attrtype Sync="TRUE">Double</attrtype>
				<attwidth Sync="TRUE">19</attwidth>
				<atprecis Sync="TRUE">0</atprecis>
				<attscale Sync="TRUE">0</attscale>
			</attr>
		</detailed>
	</eainfo>
	<mdDateSt>20110413</mdDateSt>
	<Esri>
		<CreaDate>20150811</CreaDate>
		<CreaTime>11133400</CreaTime>
		<ArcGISFormat>1.0</ArcGISFormat>
		<SyncOnce>FALSE</SyncOnce>
		<DataProperties>
			<itemProps>
				<itemLocation>
					<linkage Sync="TRUE">file://\\g46palgdrftp001\Z\var\ftp\gdrs_temp\update\us_mn_state_metc\trans_historical_transit_routes\shp\HistoricalTransitRoutes.shp</linkage>
					<protocol Sync="TRUE">Local Area Network</protocol>
				</itemLocation>
				<itemName Sync="TRUE">HistoricalTransitRoutes</itemName>
				<imsContentType Sync="TRUE">002</imsContentType>
				<itemSize Sync="TRUE">0.000</itemSize>
			</itemProps>
			<lineage>
				<Process ToolSource="c:\program files (x86)\arcgis\desktop10.2\ArcToolbox\Toolboxes\Data Management Tools.tbx\Copy" Date="20150811" Time="111334">Copy C:\Users\Hoekenjm\AppData\Roaming\ESRI\Desktop10.2\ArcCatalog\SDE@GISTransit.sde\HistoricalTransitRoutes L:\GDRS\STAGE\trans_historical_transit_routes\fgdb\trans_historical_transit_routes.gdb\HistoricalTransitRoutes FeatureClass</Process>
				<Process ToolSource="C:\program files\arcgis\server\ArcToolbox\Toolboxes\Conversion Tools.tbx\FeatureClassToFeatureClass" Date="20210218" Time="235726">FeatureClassToFeatureClass /var/ftp/gdrs_temp/update\us_mn_state_metc\trans_historical_transit_routes\fgdb\trans_historical_transit_routes.gdb\HistoricalTransitRoutes /var/ftp/gdrs_temp/update\us_mn_state_metc\trans_historical_transit_routes\shp HistoricalTransitRoutes.shp # "ID "ID" true true false 4 Long 0 0 ,First,#,/var/ftp/gdrs_temp/update\us_mn_state_metc\trans_historical_transit_routes\fgdb\trans_historical_transit_routes.gdb\HistoricalTransitRoutes,ID,-1,-1;TYPE "TYPE" true true false 40 Text 0 0 ,First,#,/var/ftp/gdrs_temp/update\us_mn_state_metc\trans_historical_transit_routes\fgdb\trans_historical_transit_routes.gdb\HistoricalTransitRoutes,TYPE,-1,-1;CORRIDOR "CORRIDOR" true true false 20 Text 0 0 ,First,#,/var/ftp/gdrs_temp/update\us_mn_state_metc\trans_historical_transit_routes\fgdb\trans_historical_transit_routes.gdb\HistoricalTransitRoutes,CORRIDOR,-1,-1;YR_START1 "YR_START1" true true false 4 Long 0 0 ,First,#,/var/ftp/gdrs_temp/update\us_mn_state_metc\trans_historical_transit_routes\fgdb\trans_historical_transit_routes.gdb\HistoricalTransitRoutes,YR_START1,-1,-1;YR_END1 "YR_END1" true true false 4 Long 0 0 ,First,#,/var/ftp/gdrs_temp/update\us_mn_state_metc\trans_historical_transit_routes\fgdb\trans_historical_transit_routes.gdb\HistoricalTransitRoutes,YR_END1,-1,-1;YR_START2 "YR_START2" true true false 4 Long 0 0 ,First,#,/var/ftp/gdrs_temp/update\us_mn_state_metc\trans_historical_transit_routes\fgdb\trans_historical_transit_routes.gdb\HistoricalTransitRoutes,YR_START2,-1,-1;PRIV_ROW "PRIV_ROW" true true false 5 Text 0 0 ,First,#,/var/ftp/gdrs_temp/update\us_mn_state_metc\trans_historical_transit_routes\fgdb\trans_historical_transit_routes.gdb\HistoricalTransitRoutes,PRIV_ROW,-1,-1;Shape_Leng "Shape_Leng" false true true 8 Double 0 0 ,First,#,/var/ftp/gdrs_temp/update\us_mn_state_metc\trans_historical_transit_routes\fgdb\trans_historical_transit_routes.gdb\HistoricalTransitRoutes,Shape_Length,-1,-1" #</Process>
			</lineage>
			<coordRef>
				<type Sync="TRUE">Projected</type>
				<geogcsn Sync="TRUE">GCS_North_American_1983</geogcsn>
				<csUnits Sync="TRUE">Linear Unit: Meter (1.000000)</csUnits>
				<projcsn Sync="TRUE">NAD_1983_UTM_Zone_15N</projcsn>
				<peXml Sync="TRUE">&lt;ProjectedCoordinateSystem xsi:type='typens:ProjectedCoordinateSystem' xmlns:xsi='http://www.w3.org/2001/XMLSchema-instance' xmlns:xs='http://www.w3.org/2001/XMLSchema' xmlns:typens='http://www.esri.com/schemas/ArcGIS/10.4'&gt;&lt;WKT&gt;PROJCS[&amp;quot;NAD_1983_UTM_Zone_15N&amp;quot;,GEOGCS[&amp;quot;GCS_North_American_1983&amp;quot;,DATUM[&amp;quot;D_North_American_1983&amp;quot;,SPHEROID[&amp;quot;GRS_1980&amp;quot;,6378137.0,298.257222101]],PRIMEM[&amp;quot;Greenwich&amp;quot;,0.0],UNIT[&amp;quot;Degree&amp;quot;,0.0174532925199433]],PROJECTION[&amp;quot;Transverse_Mercator&amp;quot;],PARAMETER[&amp;quot;False_Easting&amp;quot;,500000.0],PARAMETER[&amp;quot;False_Northing&amp;quot;,0.0],PARAMETER[&amp;quot;Central_Meridian&amp;quot;,-93.0],PARAMETER[&amp;quot;Scale_Factor&amp;quot;,0.9996],PARAMETER[&amp;quot;Latitude_Of_Origin&amp;quot;,0.0],UNIT[&amp;quot;Meter&amp;quot;,1.0],AUTHORITY[&amp;quot;EPSG&amp;quot;,26915]]&lt;/WKT&gt;&lt;XOrigin&gt;-5120900&lt;/XOrigin&gt;&lt;YOrigin&gt;-9998100&lt;/YOrigin&gt;&lt;XYScale&gt;450445547.3910538&lt;/XYScale&gt;&lt;ZOrigin&gt;-100000&lt;/ZOrigin&gt;&lt;ZScale&gt;10000&lt;/ZScale&gt;&lt;MOrigin&gt;-100000&lt;/MOrigin&gt;&lt;MScale&gt;10000&lt;/MScale&gt;&lt;XYTolerance&gt;0.001&lt;/XYTolerance&gt;&lt;ZTolerance&gt;0.001&lt;/ZTolerance&gt;&lt;MTolerance&gt;0.001&lt;/MTolerance&gt;&lt;HighPrecision&gt;true&lt;/HighPrecision&gt;&lt;WKID&gt;26915&lt;/WKID&gt;&lt;LatestWKID&gt;26915&lt;/LatestWKID&gt;&lt;/ProjectedCoordinateSystem&gt;</peXml>
			</coordRef>
		</DataProperties>
		<SyncDate>20210218</SyncDate>
		<SyncTime>23572600</SyncTime>
		<ModDate>20210218</ModDate>
		<ModTime>23572600</ModTime>
	</Esri>
</metadata>
